Single Image Frame,x00,y00,z00,x01,y01,z01,x02,y02,z02,x03,y03,z03,x04,y04,z04,x05,y05,z05,x06,y06,z06,x07,y07,z07,x08,y08,z08,x09,y09,z09,x10,y10,z10,x11,y11,z11,x12,y12,z12,x13,y13,z13,x14,y14,z14,x15,y15,z15,x16,y16,z16,x17,y17,z17,x18,y18,z18,x19,y19,z19,x20,y20,z20,Label
"D:\DataSet (From Rayeed)\User - Afroza (Female, 50) - Sign Letters\Sign 34 - Haa\Sign 34 - Sample (1).jpg",0.2297507524,0.5426924825,-8.69E-05,0.281101495,0.4120360315,-0.015451001,0.3935587108,0.3580799401,-0.01171180513,0.4875825644,0.4087921083,-0.01986397058,0.5170667768,0.4884677231,-0.01611589268,0.4762032926,0.4277339578,0.07035791129,0.5806865096,0.4133530855,0.05984937027,0.6477177739,0.415196538,0.05275560543,0.7055956721,0.4283694029,0.0511941798,0.4843589365,0.5056077242,0.04531383887,0.6018642187,0.5032032728,0.01840077899,0.6795581579,0.4895140231,-0.002496604342,0.7390406132,0.4860647321,-0.008570928127,0.4624135196,0.5804414153,0.0119017493,0.5533031225,0.579434216,-0.0652757287,0.469266057,0.5343182087,-0.09219489992,0.4026876986,0.5195609927,-0.07107907534,0.4235917926,0.6563737392,-0.02103714086,0.4889366627,0.635846138,-0.09959571064,0.4257763922,0.5905256867,-0.1193069592,0.373255074,0.5703088045,-0.1036067754,34
"D:\DataSet (From Rayeed)\User - Afroza (Female, 50) - Sign Letters\Sign 34 - Haa\Sign 34 - Sample (2).jpg",0.2248716056,0.5076723695,-8.26E-05,0.2825968862,0.3734264374,-5.06E-05,0.397700727,0.3230283856,0.009846162982,0.4898639619,0.3772092164,0.00344747398,0.5190416574,0.4508970082,0.009227012284,0.4757854939,0.3944022059,0.0947214663,0.5806872845,0.3798084855,0.09056917578,0.6476230621,0.3827542663,0.09064450115,0.7046214342,0.3988846838,0.09272225946,0.4827934802,0.4693626761,0.06823405623,0.6011388898,0.4663945436,0.04895419255,0.6784978509,0.4504056871,0.03557942808,0.7375987172,0.4473736584,0.03410788253,0.460942179,0.5423779488,0.03225679323,0.5556511879,0.53893888,-0.03911490366,0.4691391289,0.4968449473,-0.05846287683,0.4013682008,0.488840729,-0.0340019241,0.4254864752,0.620239675,-0.0005580561119,0.4965368807,0.5935793519,-0.07283174992,0.4299437106,0.5500071645,-0.09251390398,0.3768234253,0.5368231535,-0.07957973331,34
"D:\DataSet (From Rayeed)\User - Afroza (Female, 50) - Sign Letters\Sign 34 - Haa\Sign 34 - Sample (3).jpg",0.2279599905,0.4855439961,-6.68E-05,0.2831977606,0.3503148258,-0.005080187228,0.3956126571,0.2965350151,0.0023755047,0.4911391139,0.3475610018,-0.004323092755,0.5236051083,0.4237197638,0.0009347912855,0.4780235291,0.3647914231,0.08467938751,0.5859033465,0.347057879,0.08119389415,0.6546143293,0.3478044868,0.07942290604,0.7132066488,0.3610835671,0.07995805889,0.4861014485,0.442137599,0.05668278411,0.6062943339,0.4355056882,0.032921765,0.6855227947,0.4189130068,0.01365209557,0.7455402017,0.413862586,0.006526698824,0.4647911787,0.5186166763,0.01982880943,0.5606195331,0.5125655532,-0.05704018474,0.4736016691,0.4718001485,-0.08293089271,0.4042915702,0.4621886313,-0.06187770143,0.4284770489,0.5998123288,-0.01429482549,0.4981688559,0.5741363764,-0.09247600287,0.4313973486,0.5330908298,-0.1147736087,0.3763750792,0.518665731,-0.1027471647,34
"D:\DataSet (From Rayeed)\User - Afroza (Female, 50) - Sign Letters\Sign 34 - Haa\Sign 34 - Sample (4).jpg",0.2176953256,0.4934027195,-6.84E-05,0.2822993994,0.3551366329,-0.002485960023,0.3982608914,0.3029473424,0.008068327792,0.4931526482,0.3567670584,0.004285403527,0.5207218528,0.4331448376,0.01007913705,0.4776806831,0.3685099483,0.08938509971,0.5872585773,0.3509741426,0.08667554706,0.6579694152,0.3506510556,0.08720327914,0.718601346,0.3626025915,0.09100179374,0.4855793417,0.4466438293,0.0637915805,0.6066995859,0.4407876432,0.04543102533,0.6888738275,0.4249186516,0.03001530096,0.7510094643,0.4213868976,0.02658963203,0.4641136527,0.5234733224,0.029456174,0.5576251745,0.5211564898,-0.04143197089,0.4714381397,0.4804305136,-0.0664010942,0.4023652077,0.4705381393,-0.0455442369,0.4277795553,0.6043801904,-0.002756103175,0.4979744256,0.5807421207,-0.07392637432,0.4334142804,0.5393582582,-0.09538046271,0.378742516,0.5250473022,-0.08341014385,34
"D:\DataSet (From Rayeed)\User - Afroza (Female, 50) - Sign Letters\Sign 34 - Haa\Sign 34 - Sample (5).jpg",0.2248036265,0.4984422326,-5.83E-05,0.2836251855,0.3591921926,-0.003125421004,0.4007999897,0.3042535782,0.00818010699,0.4978492856,0.3574323952,0.003325886093,0.5290469527,0.4321713746,0.01128968038,0.4821726978,0.3713080883,0.0961984545,0.5911526084,0.3553172946,0.0913073346,0.660186708,0.356626004,0.09022600949,0.7196578383,0.3710741997,0.09392320365,0.4912353158,0.4479084015,0.07115447521,0.6127950549,0.4417691529,0.05060888827,0.6932179928,0.4256184101,0.03342005238,0.7550185919,0.4224492013,0.029887788,0.4703933895,0.5230420828,0.03628949076,0.5678811669,0.5236032009,-0.04020963237,0.4783018827,0.4832330346,-0.06368665397,0.4076836705,0.4735099077,-0.03946978599,0.4345810115,0.6029011607,0.004506135825,0.5076380968,0.5796922445,-0.07161231339,0.4394327998,0.5375003815,-0.09501931071,0.383795768,0.5221139193,-0.08242549747,34
"D:\DataSet (From Rayeed)\User - Afroza (Female, 50) - Sign Letters\Sign 34 - Haa\Sign 34 - Sample (6).jpg",0.2239331007,0.4993478656,-8.16E-05,0.2800733447,0.361785531,-0.0105012022,0.3962661028,0.308785975,-0.001349493046,0.4943285584,0.3602521718,-0.006887459662,0.5310646296,0.4324883521,-0.00299155293,0.4764014482,0.3687207997,0.0872637853,0.5872794986,0.3503545821,0.07819058001,0.6588757038,0.3514741659,0.0746171847,0.7207942009,0.36529544,0.07798182964,0.4853216708,0.4469917417,0.0629016459,0.6074458957,0.441765517,0.03470175341,0.6904423237,0.4282260239,0.01364301052,0.7542028427,0.4261667132,0.008103821427,0.4667711854,0.5248907208,0.02815225534,0.5603801012,0.5208798647,-0.05716574565,0.4718765914,0.4798156321,-0.08482665569,0.4023474753,0.4694106281,-0.06101968512,0.4353204668,0.6074143648,-0.004392218776,0.5080396533,0.5825939178,-0.08832685649,0.4409526587,0.5420427918,-0.112560153,0.3843865991,0.5283031464,-0.1003746614,34
"D:\DataSet (From Rayeed)\User - Afroza (Female, 50) - Sign Letters\Sign 34 - Haa\Sign 34 - Sample (7).jpg",0.2172453701,0.5108938813,-6.56E-05,0.277199626,0.3707294464,-0.01200266182,0.392999351,0.3194972277,0.001072089537,0.4927918315,0.3721716404,0.002231888939,0.5283629894,0.4470967948,0.01650095172,0.4693602324,0.3791951835,0.08528193086,0.5805858374,0.3620497584,0.07861358672,0.6509764194,0.3633582294,0.07642516494,0.712179482,0.3761804998,0.08054058999,0.4788263142,0.4578474164,0.06319012493,0.6003242135,0.4508194625,0.03403190151,0.6832357645,0.4380685091,0.01205818448,0.7464447618,0.437268585,0.006458682008,0.4608514309,0.5342409015,0.03084179945,0.5552563071,0.5375801921,-0.05165754259,0.4678054452,0.498511672,-0.07655288279,0.3982115686,0.4867844582,-0.05143665522,0.427326411,0.6137064695,0.0001964493276,0.4991855025,0.5968083143,-0.08108495921,0.434125036,0.5580208898,-0.1042549908,0.3789944351,0.5439528227,-0.09049081057,34
"D:\DataSet (From Rayeed)\User - Afroza (Female, 50) - Sign Letters\Sign 34 - Haa\Sign 34 - Sample (8).jpg",0.2296088636,0.5042053461,-4.86E-05,0.2858491838,0.3657557368,-0.02032163367,0.4013212919,0.3155955374,-0.01388656162,0.4974229038,0.3707991838,-0.01798377931,0.5290179849,0.4472383857,-0.01055816561,0.4807977378,0.3792673051,0.07072409987,0.5869733095,0.3624381125,0.05504481494,0.6551750302,0.3637682199,0.04402302951,0.7146367431,0.3771926463,0.04338143393,0.4911721349,0.4578279555,0.04901803657,0.6106621027,0.4497767985,0.01365959365,0.6925073862,0.4370602965,-0.01416988205,0.7546355128,0.435868293,-0.02263085544,0.4718275666,0.5346980691,0.01749657467,0.5654053688,0.5384657383,-0.06897909194,0.4764926434,0.4969350696,-0.09604071826,0.4045657516,0.4818941951,-0.07129889727,0.4339596331,0.6141619682,-0.01320949011,0.5009918809,0.5973269939,-0.1001723409,0.4352600873,0.5538233519,-0.1244488806,0.3796855509,0.5330992341,-0.1100450754,34
"D:\DataSet (From Rayeed)\User - Afroza (Female, 50) - Sign Letters\Sign 34 - Haa\Sign 34 - Sample (9).jpg",0.2284331024,0.5153816938,-6.54E-05,0.2853701413,0.3755871952,-0.01404084172,0.4000571966,0.321544826,-0.007380474824,0.4975336492,0.3732931614,-0.01526318211,0.5327742696,0.4499945641,-0.01011715829,0.4819661379,0.3871171474,0.08407104015,0.5899957418,0.3683110774,0.07550620288,0.6583367586,0.3674065173,0.07121738791,0.7186785936,0.3783345222,0.07212074846,0.4907316267,0.4652026892,0.06014826894,0.6093919873,0.4584106207,0.03430306166,0.6882857084,0.4421358407,0.01225759648,0.7495388985,0.4372263849,0.004505016841,0.4702925682,0.5420188904,0.02567398734,0.5617334843,0.5388861299,-0.05660112947,0.4743017554,0.4976995587,-0.08227088302,0.4056454897,0.4873245358,-0.05946477875,0.4348989427,0.623729825,-0.006870446727,0.5039891005,0.5995869637,-0.08901363611,0.4384317994,0.557933569,-0.1117777601,0.3842334747,0.5433010459,-0.09881413728,34
"D:\DataSet (From Rayeed)\User - Afroza (Female, 50) - Sign Letters\Sign 34 - Haa\Sign 34 - Sample (10).jpg",0.1727795303,0.6534256935,-8.97E-05,0.2623276114,0.4841603041,0.0201431755,0.4006873071,0.4511392117,0.07429465652,0.5021331906,0.5402039289,0.1068049669,0.5223348141,0.6281092763,0.1511571854,0.4411336184,0.5196950436,0.1998424679,0.556102097,0.5061274767,0.2210981846,0.6284117699,0.509670496,0.2421377897,0.6838632822,0.5288527012,0.2707332671,0.4541726112,0.6071972251,0.175499931,0.5703010559,0.6079776883,0.1902993172,0.6546292305,0.5965152979,0.1899459809,0.7095271349,0.5996819139,0.2102746964,0.4419166446,0.6900852919,0.1318394542,0.5486258268,0.6865901947,0.06099520251,0.4609557092,0.639606595,0.009115763009,0.3792090416,0.6280133724,0.02307668887,0.4141026139,0.7773756385,0.09495539218,0.4972947836,0.7506346703,0.01013538614,0.435036242,0.7031279206,-0.03699343652,0.369846642,0.6871051788,-0.03882364184,34
"D:\DataSet (From Rayeed)\User - Afroza (Female, 50) - Sign Letters\Sign 34 - Haa\Sign 34 - Sample (11).jpg",0.2991672158,0.5286275744,-3.74E-05,0.3464432359,0.4118452072,0.0132492194,0.4363411069,0.390106678,0.05344135687,0.5092378855,0.4574656785,0.08338153362,0.5297638774,0.5199439526,0.117599152,0.4716524482,0.4598638415,0.1421422362,0.5538732409,0.4506010115,0.1575549245,0.6062020063,0.4568182826,0.1643736064,0.6455233097,0.4737643301,0.1752644479,0.4830916822,0.5232245922,0.1217030436,0.5677146912,0.525837481,0.1237861142,0.6317606568,0.5189302564,0.1173602641,0.6761524081,0.5196870565,0.1224618256,0.475484997,0.5824072957,0.08856179565,0.5556126833,0.579218626,0.039374955,0.4976972938,0.5436151624,-0.001427994459,0.4419408143,0.5328074694,0.005162356421,0.4566502869,0.6457828879,0.05893658474,0.511566937,0.6240320206,0.003316331422,0.4657864273,0.5923750997,-0.02791005,0.4197460413,0.5801532269,-0.03115116805,34
"D:\DataSet (From Rayeed)\User - Afroza (Female, 50) - Sign Letters\Sign 34 - Haa\Sign 34 - Sample (12).jpg",0.2957183123,0.5473908782,-3.59E-05,0.3503952622,0.4234349728,0.02280995063,0.4455485046,0.3973038793,0.07078009099,0.5147463083,0.4689613283,0.1056906581,0.523203671,0.5340980887,0.1503450871,0.4788044095,0.4571592212,0.1612408757,0.5614569187,0.4499306977,0.1865644306,0.6144312024,0.4557155371,0.204157874,0.653383255,0.4726625383,0.2199886441,0.4900912941,0.523409605,0.1408400238,0.5777007937,0.5258436799,0.1544984877,0.6402221918,0.5217120051,0.1497810483,0.6792551279,0.5262742639,0.1550005972,0.4815757871,0.5870012045,0.1083363146,0.5599378943,0.5897770524,0.06291948259,0.4961995482,0.5562442541,0.02316640131,0.4358160794,0.5469287038,0.02915344387,0.4609395266,0.6540112495,0.08080426604,0.5201601386,0.6378645897,0.0283246059,0.473323375,0.6047936082,-0.002142174402,0.42694363,0.5912438035,-0.004083629232,34
"D:\DataSet (From Rayeed)\User - Afroza (Female, 50) - Sign Letters\Sign 34 - Haa\Sign 34 - Sample (13).jpg",0.304466486,0.5470277071,-3.97E-05,0.3577336669,0.4240179062,0.01699358411,0.4522556067,0.3966250122,0.06225971133,0.523049891,0.4666420817,0.09695287049,0.5316779017,0.5314526558,0.1424034089,0.487097621,0.4526016116,0.1470898837,0.5698429942,0.4450818896,0.1665147692,0.6219210625,0.4502198994,0.1795564443,0.6617923975,0.466177851,0.1939860135,0.4981288016,0.5186796188,0.128989011,0.586443007,0.5214629173,0.1352424771,0.6497919559,0.5190155506,0.1254256368,0.6912801266,0.5233223438,0.1279949993,0.4893303812,0.581854105,0.09990018606,0.5683954358,0.5859180689,0.05035310611,0.5050795078,0.5531601906,0.01400343049,0.4461370707,0.5432505012,0.02469127253,0.4671932757,0.6486809254,0.07469408214,0.5289560556,0.6353019476,0.02076545171,0.4833438098,0.6023250818,-0.00770906359,0.4384733737,0.5879466534,-0.006676964462,34
"D:\DataSet (From Rayeed)\User - Afroza (Female, 50) - Sign Letters\Sign 34 - Haa\Sign 34 - Sample (14).jpg",0.3148828745,0.533301115,-5.54E-05,0.3679447174,0.4110375941,0.01797663979,0.4646416008,0.3847680092,0.06392174959,0.5344524384,0.459254384,0.09964585304,0.5422328711,0.525605917,0.1510826051,0.5039328337,0.4457348585,0.131798327,0.5894012451,0.4393491447,0.1493561715,0.6431849003,0.4438147545,0.1627372354,0.6829295158,0.4585191011,0.1758916825,0.5124009252,0.5118115544,0.1126484424,0.6048381925,0.5129541159,0.1129088104,0.6667516232,0.5096705556,0.1034227461,0.7082026005,0.5150967836,0.1084374785,0.5004677773,0.5759631395,0.08336359262,0.57581985,0.5777097344,0.03245032951,0.5103194118,0.5395758152,0.001522713108,0.4526220858,0.527821064,0.01599445753,0.4742627144,0.6439144015,0.05813190341,0.5362669826,0.626978159,0.00402249489,0.4895030856,0.5885224938,-0.02238700166,0.445535183,0.5721269846,-0.01743498258,34
"D:\DataSet (From Rayeed)\User - Afroza (Female, 50) - Sign Letters\Sign 34 - Haa\Sign 34 - Sample (15).jpg",0.3015241027,0.5166918039,-0.0001023725199,0.3649699986,0.3927799165,0.0229322128,0.4662309885,0.374078095,0.07291154563,0.5352973342,0.4486626387,0.110605143,0.542298615,0.5129326582,0.1619954556,0.5106598735,0.4388954341,0.151506871,0.5947703719,0.4298384488,0.1762351543,0.6452366114,0.4321189523,0.1952101439,0.682741344,0.4453372061,0.2156610489,0.5162607431,0.5047639012,0.1323510557,0.6079062819,0.5007898808,0.1441230029,0.6677441001,0.4946971238,0.1458439678,0.7072837949,0.4998929501,0.1622160822,0.5021734238,0.5678095222,0.1001957357,0.5744015574,0.5615745187,0.05507376418,0.5078856349,0.5220629573,0.02130012773,0.4511685967,0.5104056597,0.0339516364,0.4755134881,0.634778142,0.07262741029,0.540161252,0.6134229898,0.0217602849,0.4925791025,0.5740227699,-0.006106818095,0.4464406967,0.5592623949,-0.002028442221,34
"D:\DataSet (From Rayeed)\User - Afroza (Female, 50) - Sign Letters\Sign 34 - Haa\Sign 34 - Sample (16).jpg",0.2860979438,0.5238079429,-9.35E-05,0.3573091626,0.3956619799,0.02467953227,0.461273849,0.3764107227,0.07505764812,0.532568574,0.4544165432,0.1114456058,0.5410221815,0.5227752924,0.160303846,0.5029620528,0.4359975457,0.1615879089,0.5881232023,0.4269541204,0.1838939637,0.6394532919,0.4282913208,0.2013028115,0.6789246798,0.4393543303,0.2193792015,0.5096014738,0.5033546686,0.1403138489,0.6035035849,0.5044993162,0.1513892263,0.664013505,0.4987980723,0.1502968967,0.703725338,0.503236711,0.1641428769,0.4950635135,0.5685089827,0.1051240936,0.5705624819,0.5658220053,0.05787687749,0.5026891828,0.5268774033,0.0241283942,0.446107775,0.5157338381,0.03548491746,0.4669419229,0.6375185251,0.07482045889,0.5342245698,0.6170279384,0.02185674943,0.4868229926,0.5771788359,-0.006857239641,0.4408842325,0.5626152754,-0.003903244622,34
"D:\DataSet (From Rayeed)\User - Afroza (Female, 50) - Sign Letters\Sign 34 - Haa\Sign 34 - Sample (17).jpg",0.2886964381,0.5343772173,-8.74E-05,0.363081634,0.4046811163,0.01262766775,0.4668959081,0.3790745735,0.05934097245,0.5420449972,0.4472284615,0.09492607415,0.5559069514,0.5166152716,0.1374531537,0.5072968602,0.4433516264,0.1571653932,0.5892264843,0.433296293,0.1751229912,0.6424485445,0.4334775507,0.1808725297,0.6862540245,0.4482688606,0.1963141561,0.5136256218,0.5097334981,0.1373965442,0.5987099409,0.5056645274,0.1458783895,0.6585673094,0.4952586591,0.1395284534,0.7005415559,0.4993571341,0.151686877,0.5012457967,0.5733685493,0.1010027304,0.5822089911,0.5652754903,0.04853309691,0.5193434954,0.5247201324,-0.008980367333,0.4613263011,0.5112273693,-0.009252339602,0.4766995609,0.6437205672,0.06793359667,0.5396842957,0.6160885096,0.004437435418,0.4913187623,0.5798195601,-0.04412088543,0.443562597,0.5639430881,-0.05734928697,34
"D:\DataSet (From Rayeed)\User - Afroza (Female, 50) - Sign Letters\Sign 34 - Haa\Sign 34 - Sample (18).jpg",0.3151092231,0.5093656182,-0.0001165165304,0.3706690073,0.3905371428,0.02245724015,0.4706033468,0.3627787828,0.06880481541,0.5425210595,0.4355955124,0.103830494,0.5488401055,0.5061560273,0.1554003656,0.5162819624,0.4322555959,0.1390770674,0.6025838256,0.4289244115,0.1579624861,0.6546478868,0.4338521957,0.1728666276,0.6924798489,0.4483368397,0.1869640201,0.5228210092,0.4987356961,0.117061615,0.6177559495,0.4974904954,0.1166645214,0.6779595613,0.4931989312,0.1143224388,0.7163444757,0.4982199371,0.1259473115,0.5082951784,0.5639972091,0.08362207562,0.5822848082,0.5634928942,0.03079157323,0.5141659975,0.5251862407,0.002126258798,0.4572583735,0.5135635138,0.01887603663,0.4784140289,0.6319844127,0.05533961579,0.5403689146,0.6144337058,-8.11E-06,0.4907780588,0.5744203329,-0.02362969518,0.4454048872,0.5575227141,-0.01390203182,34
"D:\DataSet (From Rayeed)\User - Afroza (Female, 50) - Sign Letters\Sign 34 - Haa\Sign 34 - Sample (19).jpg",0.3054001331,0.5489548445,-7.26E-05,0.3233581185,0.4479020238,-0.09447573125,0.4022846818,0.400752902,-0.1297820956,0.4813724458,0.4343443513,-0.1534574777,0.5350010395,0.4770722091,-0.1592837423,0.4942259192,0.4109828472,-0.05790576339,0.5808339715,0.4006082416,-0.114191182,0.640855372,0.4064753056,-0.1582650989,0.6927261353,0.4158924818,-0.1840737313,0.5072129369,0.4733476043,-0.0511838384,0.6001686454,0.4628913105,-0.1172196046,0.6626058817,0.4631960094,-0.1738168597,0.7172697783,0.4653473794,-0.2080317736,0.4961175025,0.5373309851,-0.05566589534,0.5612491369,0.5545991063,-0.162955597,0.4870972335,0.5467233062,-0.1958519667,0.4306774139,0.5385026336,-0.1832334399,0.4686640501,0.6027908325,-0.06601835042,0.5084940195,0.6134570837,-0.1752427816,0.4521594644,0.5970247984,-0.2086257637,0.4053893089,0.5767569542,-0.2043609321,34
"D:\DataSet (From Rayeed)\User - Afroza (Female, 50) - Sign Letters\Sign 34 - Haa\Sign 34 - Sample (20).jpg",0.3122095466,0.5076574683,-4.17E-05,0.3295153379,0.3997281194,-0.09993968159,0.4105207026,0.3534326553,-0.1316444874,0.4940874577,0.3881482482,-0.1524181813,0.5528835058,0.4230559766,-0.1501641124,0.5059063435,0.354677707,-0.05745844543,0.5994707942,0.3327344358,-0.1094218567,0.6608843803,0.3309301138,-0.1515386999,0.7126427889,0.3338077068,-0.1793592423,0.5197705626,0.4202419817,-0.05049027875,0.6208564639,0.3980259597,-0.1093247384,0.6845168471,0.3923688531,-0.1700927615,0.7411900759,0.3902868629,-0.2124219835,0.5090684891,0.4900826812,-0.05593513325,0.5717461109,0.5055978894,-0.1576527506,0.4919558465,0.4971850216,-0.1883107424,0.4361287057,0.4884883463,-0.1794131994,0.4826519489,0.5609398484,-0.06646237522,0.5207731724,0.5730619431,-0.1737786978,0.4591280222,0.5551890135,-0.204578802,0.4097444415,0.5338978171,-0.2015016824,34
"D:\DataSet (From Rayeed)\User - Afroza (Female, 50) - Sign Letters\Sign 34 - Haa\Sign 34 - Sample (21).jpg",0.2995678186,0.4948278069,-6.20E-05,0.3171112835,0.3797682524,-0.09285250306,0.4009300768,0.3266330063,-0.125553906,0.4870331883,0.362749964,-0.1508338004,0.5444048047,0.407602787,-0.1546475589,0.4938825667,0.3323501348,-0.04354349151,0.5851148367,0.310536027,-0.1028311104,0.64702636,0.3101019263,-0.1477648765,0.7006719708,0.3147131205,-0.1734944731,0.5098347068,0.4004257023,-0.04075916111,0.6084872484,0.3806838393,-0.1019638553,0.6739346981,0.3741875887,-0.1575750411,0.7317156792,0.3718628287,-0.1926559657,0.4987028837,0.4703682065,-0.050767418,0.5696118474,0.4821552634,-0.15754053,0.4936378002,0.4718376398,-0.1863491237,0.4387892187,0.4645459056,-0.1708658487,0.4703400731,0.5412265062,-0.06589398533,0.5137518644,0.5486382842,-0.1760936677,0.4551692605,0.5300838351,-0.2058600336,0.4081667066,0.5101535916,-0.1994267553,34
"D:\DataSet (From Rayeed)\User - Afroza (Female, 50) - Sign Letters\Sign 34 - Haa\Sign 34 - Sample (22).jpg",0.3242878318,0.4687731266,-3.67E-05,0.341231823,0.3637594879,-0.1077285632,0.4157525003,0.3177005053,-0.1530683041,0.4915240705,0.3495016396,-0.1857821941,0.5496682525,0.3909734488,-0.198158145,0.5246079564,0.325114429,-0.08128155768,0.6136834025,0.3079289496,-0.1478488892,0.6739534736,0.3098437786,-0.1993574798,0.7251516581,0.3160328567,-0.2325447202,0.5350260139,0.3923712075,-0.0760801211,0.6336708665,0.3709077835,-0.1491338313,0.6952306628,0.3670025468,-0.2185256183,0.7531108856,0.3666837811,-0.266587168,0.5203824639,0.4627222419,-0.08186644316,0.5762175322,0.4835580587,-0.1961285323,0.4938863814,0.4704161882,-0.223769173,0.4386274219,0.4568164051,-0.2125448883,0.487760216,0.5320706367,-0.09456285089,0.5207400918,0.5472686887,-0.2030286193,0.4585697055,0.5232470036,-0.2285646051,0.4083995223,0.4972222745,-0.2208945602,34
"D:\DataSet (From Rayeed)\User - Afroza (Female, 50) - Sign Letters\Sign 34 - Haa\Sign 34 - Sample (23).jpg",0.3228846788,0.4513755441,-6.39E-05,0.3363031745,0.3451672792,-0.1032800674,0.4184321463,0.2934224606,-0.1445480138,0.4999841452,0.3324533105,-0.1725175679,0.5542984009,0.3793144524,-0.1800096035,0.5200814605,0.3012773395,-0.07483458519,0.6084715724,0.2839504778,-0.1501440108,0.6701412201,0.2864236832,-0.2090214491,0.7248972058,0.2932542562,-0.2456021905,0.534933567,0.3719015419,-0.0714155063,0.6296985745,0.3564359248,-0.1538830251,0.6946493387,0.3525945842,-0.2223455012,0.7548840046,0.3509958386,-0.2669970393,0.5249322653,0.4444786906,-0.07932474464,0.5874427557,0.4579270482,-0.1975345463,0.5071828961,0.4457203746,-0.2269585282,0.4502967,0.4354142547,-0.2108610272,0.4956559539,0.5171003342,-0.09401069582,0.5306118727,0.5229259133,-0.2095124722,0.4679771662,0.502885282,-0.2377321273,0.41789186,0.4811553955,-0.2263133377,34
"D:\DataSet (From Rayeed)\User - Afroza (Female, 50) - Sign Letters\Sign 34 - Haa\Sign 34 - Sample (24).jpg",0.3327310383,0.4960287213,-4.25E-05,0.3536660671,0.3846918344,-0.09873841703,0.4386112392,0.3376910686,-0.1301511377,0.5191639066,0.3771593273,-0.152290076,0.5723418593,0.4212572873,-0.1506468058,0.5281463265,0.3471901417,-0.06321100891,0.618139863,0.3285138011,-0.1314558238,0.6785943508,0.3308697641,-0.1843078136,0.7305404544,0.3369111717,-0.2165211737,0.5406274199,0.4142161906,-0.05826287344,0.6378584504,0.3984304368,-0.1289210021,0.7028279901,0.3971349001,-0.1918854564,0.7608597875,0.3981379271,-0.2347131073,0.5273973346,0.483115077,-0.06610820442,0.5908360481,0.5020560622,-0.1751222312,0.5160771608,0.4874119163,-0.2032280862,0.4646088183,0.4747500718,-0.1901477575,0.4980524182,0.5507314205,-0.07998129725,0.5333808064,0.5635860562,-0.1915460527,0.4753316641,0.5415443182,-0.2206121534,0.4312388599,0.5164265037,-0.2154316157,34
"D:\DataSet (From Rayeed)\User - Afroza (Female, 50) - Sign Letters\Sign 34 - Haa\Sign 34 - Sample (25).jpg",0.3156359792,0.4556379914,-7.70E-05,0.3326090574,0.3542135358,-0.100248158,0.4114892483,0.3085170984,-0.1404020488,0.4896088243,0.3476135731,-0.1666077822,0.5439437032,0.3918121755,-0.1708486676,0.5107647777,0.3149166405,-0.07504971325,0.5986397266,0.3001979291,-0.141082257,0.6594597697,0.3038383126,-0.1913076192,0.7126267552,0.3106326759,-0.2226698995,0.5220409632,0.3824246526,-0.06988963485,0.617402494,0.3685816824,-0.1413682252,0.6794492602,0.36667189,-0.2050709724,0.7380462885,0.3656806946,-0.2467617542,0.5093868971,0.4520128369,-0.07437177747,0.5694743395,0.4693107605,-0.1788211763,0.4902944863,0.4556602538,-0.200454548,0.4350342155,0.4433156252,-0.1838350892,0.4786071181,0.521033287,-0.08666618913,0.5155937076,0.5323386788,-0.1882230639,0.4554209709,0.5100572705,-0.2108134329,0.4063920975,0.486158818,-0.1988884807,34
"D:\DataSet (From Rayeed)\User - Afroza (Female, 50) - Sign Letters\Sign 34 - Haa\Sign 34 - Sample (26).jpg",0.3173241615,0.4356166422,-4.74E-05,0.3313794136,0.3402715027,-0.1061713472,0.4067669809,0.2985387146,-0.1438382715,0.4845499396,0.3363070488,-0.1652460545,0.5413714647,0.3742815852,-0.1641087085,0.5059406757,0.2981395125,-0.07534652948,0.5934117436,0.2827738523,-0.1387368143,0.6524879932,0.2841803133,-0.1882841885,0.7042598724,0.2894745767,-0.2197318673,0.5182891488,0.3616536558,-0.06651346385,0.6120746732,0.34333691,-0.1397728771,0.6724747419,0.3395240009,-0.2100795358,0.7299790382,0.3377582431,-0.2545043528,0.5080774426,0.4300884604,-0.06832674146,0.5613714457,0.4514609575,-0.1788033396,0.4756061137,0.4454663992,-0.2024068832,0.4161483347,0.4371042252,-0.185581699,0.4786157906,0.4990856051,-0.07794471085,0.5126020908,0.5154795647,-0.1852611005,0.4487689137,0.496796906,-0.2086131424,0.3963918388,0.4748545289,-0.1946203411,34
"D:\DataSet (From Rayeed)\User - Afroza (Female, 50) - Sign Letters\Sign 34 - Haa\Sign 34 - Sample (27).jpg",0.3117655218,0.4420536757,-5.10E-05,0.3318766356,0.3316036761,-0.0894388929,0.4183480442,0.2855882943,-0.113316074,0.5002153516,0.3333771229,-0.1273422092,0.5499874353,0.3814631999,-0.1175836772,0.5024579763,0.2961865664,-0.04760998487,0.5910650492,0.2753384113,-0.1123297811,0.6517513394,0.2749251127,-0.1624433845,0.7048102617,0.2790939212,-0.1928355545,0.5173085928,0.3628879189,-0.04576988146,0.6105126143,0.3430188,-0.1176438928,0.6744920611,0.3358639479,-0.1818502545,0.731626749,0.3328652978,-0.2223801166,0.5075734258,0.4330098331,-0.05532391369,0.5713564754,0.4464786649,-0.1653708518,0.4905489385,0.4328815639,-0.1905546337,0.4328879118,0.4242462218,-0.1716218889,0.4790422618,0.5036569238,-0.07052841783,0.5215581059,0.512547493,-0.1805381477,0.4608080387,0.4909395874,-0.205534786,0.4124373496,0.4701082706,-0.1934571564,34
"D:\DataSet (From Rayeed)\User - Afroza (Female, 50) - Sign Letters\Sign 34 - Haa\Sign 34 - Sample (28).jpg",0.2876799703,0.4556996226,-8.63E-05,0.3061485887,0.3489018977,-0.08544693887,0.3888621926,0.2925836742,-0.1166338474,0.4727094471,0.3337755799,-0.1365555972,0.5230830312,0.3897787631,-0.1348136365,0.4828374088,0.312748611,-0.04281591997,0.5685476065,0.2944757342,-0.1011063084,0.6295140982,0.2933613658,-0.1472601891,0.6833679676,0.2996332943,-0.1740150452,0.4974134862,0.3797006309,-0.04301493242,0.5874733925,0.3604898751,-0.1139384881,0.6504530311,0.3516248167,-0.1675270349,0.7071527839,0.3497304916,-0.1966828555,0.4872018993,0.4487433732,-0.0541530177,0.5531668663,0.4551939368,-0.1592444927,0.474483341,0.4411653876,-0.1837490946,0.4190728962,0.4337361455,-0.1615990549,0.457208246,0.5204120874,-0.0719140619,0.4988164902,0.5159360766,-0.1766868383,0.43939659,0.4933169484,-0.2002254128,0.3917509615,0.4754098356,-0.1841922104,34
"D:\DataSet (From Rayeed)\User - Afroza (Female, 50) - Sign Letters\Sign 34 - Haa\Sign 34 - Sample (29).jpg",0.2428186536,0.5517195463,-0.0001048068953,0.238266021,0.4221121967,-0.2167673707,0.3195310831,0.36122787,-0.3130756021,0.4130286574,0.4070138335,-0.3659889698,0.4987463355,0.4758953154,-0.3935204148,0.4784033298,0.3541770279,-0.2533886135,0.5714475513,0.3639097512,-0.409258157,0.6445016265,0.3845088482,-0.5241352916,0.7208243608,0.4010482728,-0.5987894535,0.4945477843,0.4497816563,-0.2133720815,0.6012390256,0.4775812328,-0.3765000105,0.6830103397,0.5009849072,-0.5052579641,0.77657938,0.5185078382,-0.603512466,0.4876106977,0.5476611853,-0.1866517067,0.5279072523,0.5993358493,-0.3706454039,0.4065949321,0.578669548,-0.3699705005,0.3372339606,0.5544689298,-0.3353357017,0.458941102,0.6356030107,-0.177999109,0.466809392,0.6754664183,-0.3430151641,0.3762567639,0.6484677792,-0.352884829,0.3185010552,0.6159498096,-0.3195994496,34
"D:\DataSet (From Rayeed)\User - Afroza (Female, 50) - Sign Letters\Sign 34 - Haa\Sign 34 - Sample (30).jpg",0.2095617503,0.5574414134,-8.31E-05,0.2094361931,0.4549409151,-0.2030045539,0.2845476866,0.4042562246,-0.291263938,0.3690473735,0.4421120882,-0.3413778841,0.4558265507,0.502368331,-0.3677641749,0.4361405671,0.3866537213,-0.2175963819,0.5293735862,0.402141571,-0.3474064469,0.5962882638,0.4233812392,-0.4439336956,0.6614608169,0.4432294369,-0.5081036687,0.4488719404,0.4713185132,-0.1780250371,0.5561280251,0.4945837855,-0.3302533329,0.626386404,0.5171614885,-0.4535710216,0.7034261227,0.5362870097,-0.5393776298,0.4432056248,0.5571197867,-0.1525621712,0.4849992394,0.606968224,-0.3285138905,0.367251128,0.5967185497,-0.3397888541,0.2946087122,0.579744041,-0.3109314144,0.4174792171,0.6360045671,-0.1421452761,0.4320708513,0.674709022,-0.2984582484,0.3458369076,0.6566243172,-0.3171646893,0.2855481505,0.6299659014,-0.2895679474,34
"D:\DataSet (From Rayeed)\User - Afroza (Female, 50) - Sign Letters\Sign 34 - Haa\Sign 34 - Sample (31).jpg",0.2423650026,0.5312014222,-0.0001009372136,0.2363322675,0.4252213836,-0.1948046833,0.2975900471,0.3772748709,-0.2875146568,0.3812380433,0.4211445153,-0.33576262,0.4560152292,0.5009103417,-0.3736828268,0.4350095093,0.3719758391,-0.2448006123,0.5103580356,0.3896432817,-0.392670244,0.5780392289,0.4091515541,-0.4967621863,0.6539747119,0.4263231158,-0.56628263,0.459094137,0.4654091299,-0.208397761,0.542797029,0.4923375547,-0.3611762822,0.6195841432,0.5149659514,-0.4730076194,0.7118422985,0.5305725336,-0.5531910658,0.4648974836,0.5556619763,-0.1826838553,0.4789276719,0.6008912325,-0.3581038117,0.3567418158,0.5869185328,-0.351791203,0.2805861533,0.567756176,-0.3036540449,0.443918705,0.6381918192,-0.169896245,0.4292109013,0.6620544195,-0.3178820908,0.3404792845,0.6344926953,-0.3153401613,0.2792205513,0.6010439992,-0.2693916857,34
"D:\DataSet (From Rayeed)\User - Afroza (Female, 50) - Sign Letters\Sign 34 - Haa\Sign 34 - Sample (32).jpg",0.1939757764,0.5222396851,-8.78E-05,0.1909142435,0.4042931199,-0.2049649954,0.2728133202,0.341008395,-0.2969985008,0.364584446,0.3744762838,-0.3540677428,0.4550480545,0.4235654473,-0.3888322711,0.4275437891,0.3206652403,-0.2080933452,0.5214431286,0.3321265578,-0.3419608772,0.5893804431,0.3522553146,-0.4407851398,0.6563295722,0.3684820533,-0.5055593252,0.4392728806,0.4083019495,-0.1684527993,0.5487278104,0.4289525747,-0.3203186095,0.6186140776,0.445936352,-0.4427993596,0.7007223368,0.4572367668,-0.5304057598,0.4318636358,0.4969733059,-0.1434945464,0.4874605536,0.5447035432,-0.3166643083,0.3683363199,0.5319280624,-0.3179893494,0.3005433977,0.5123037696,-0.2832927704,0.4075770974,0.5804519653,-0.1347647905,0.4324755669,0.6151145697,-0.2906728685,0.3443743587,0.59195292,-0.3026198447,0.2891369462,0.5637769103,-0.273719728,34
"D:\DataSet (From Rayeed)\User - Afroza (Female, 50) - Sign Letters\Sign 34 - Haa\Sign 34 - Sample (33).jpg",0.2734667659,0.5532432199,-9.02E-05,0.3025017381,0.4251309037,-0.06535762548,0.395999074,0.3795209229,-0.05023286864,0.49820894,0.4239898026,-0.02636532672,0.552775085,0.4670396745,0.01230910514,0.4622024596,0.3947373331,0.03333931044,0.5639059544,0.3679266274,0.001945575816,0.6376624107,0.3631403446,-0.03656682372,0.6996058226,0.3685510755,-0.05930612981,0.4793686271,0.4661649764,0.03832688183,0.582963407,0.4471216798,-0.02018260024,0.6653661728,0.4416013956,-0.08494231105,0.7316250205,0.4407370985,-0.1205126643,0.4782350361,0.5367442369,0.02938993461,0.5593112111,0.5682030916,-0.08753363788,0.4699941576,0.5753497481,-0.1382071972,0.3934421241,0.5758545399,-0.1215342581,0.4614903331,0.6070693135,0.01953436248,0.5057797432,0.6298772693,-0.10863626,0.4395934939,0.6287707686,-0.1570489109,0.3821658194,0.6178055406,-0.1488422453,34
"D:\DataSet (From Rayeed)\User - Afroza (Female, 50) - Sign Letters\Sign 34 - Haa\Sign 34 - Sample (34).jpg",0.2515462637,0.4960464239,-0.0001004571313,0.2881298065,0.3730653524,-0.0609264113,0.3787852228,0.3312287927,-0.049049519,0.4768481851,0.3783107698,-0.02948392741,0.5352348089,0.4206444025,0.008878691122,0.4513372183,0.3490954041,0.04624475166,0.5529075861,0.3293795586,0.03649131581,0.6209959984,0.3268502951,0.01494704001,0.6750369072,0.3335061669,0.0006195803289,0.4639695585,0.4175602496,0.04822744802,0.57080549,0.3996665776,0.01105332188,0.6406959295,0.3933005333,-0.03635786846,0.6977021694,0.3927831352,-0.05955899507,0.4562553465,0.4878431857,0.03663391247,0.5385646224,0.5134215951,-0.06190342084,0.4531449676,0.5088474154,-0.1096195132,0.3845877945,0.5031334162,-0.09817524254,0.4328045547,0.5592029095,0.02353214659,0.4841885865,0.5769706964,-0.08760283887,0.4222178459,0.5632173419,-0.1313606948,0.3678128421,0.5479596257,-0.1249456853,34
"D:\DataSet (From Rayeed)\User - Afroza (Female, 50) - Sign Letters\Sign 34 - Haa\Sign 34 - Sample (35).jpg",0.2925449014,0.5007861257,-0.0001254553645,0.3170638084,0.3688964546,-0.09267358482,0.4154030681,0.3190942407,-0.09126411378,0.5263117552,0.3674268425,-0.07209964097,0.5873073339,0.4144946337,-0.03585743159,0.4973661602,0.330273211,-0.002646319102,0.6109704375,0.3089134991,-0.04436537996,0.6913762093,0.3050520122,-0.08965052664,0.755243063,0.312477529,-0.1175523102,0.5156499147,0.406717211,0.009103293531,0.6337474585,0.3914369345,-0.05799757317,0.7213606238,0.3886570334,-0.125424087,0.7912347913,0.3888786435,-0.1629385203,0.5123621225,0.4833146334,0.005901935976,0.5990166068,0.5211390853,-0.1245852783,0.5037484169,0.5311965346,-0.1844803244,0.4230178595,0.5308899283,-0.1719883233,0.4917806685,0.5582840443,-0.0005190342199,0.5351777673,0.5884335041,-0.1449651122,0.4644966125,0.5883116126,-0.2011471689,0.4022948146,0.5748284459,-0.1943417341,34
"D:\DataSet (From Rayeed)\User - Afroza (Female, 50) - Sign Letters\Sign 34 - Haa\Sign 34 - Sample (36).jpg",0.2878042459,0.517837584,-5.79E-05,0.3305448592,0.38719064,-0.04211899266,0.4426568449,0.3398059309,-0.0361507535,0.5312947035,0.4150295258,-0.03545402735,0.559299469,0.4990796149,-0.01347856503,0.527718246,0.4177117646,0.05952956527,0.6324246526,0.4132139087,0.03289311752,0.7011274099,0.4238103628,0.01557096932,0.756836772,0.4432035387,0.004354281351,0.5341765285,0.4956451654,0.03909402713,0.6492613554,0.4984718561,-0.002881706692,0.7237100005,0.4967824519,-0.04297433794,0.7794513702,0.5013412833,-0.06742598116,0.5106711984,0.5708662868,0.007220080588,0.6002619267,0.5819631219,-0.09960535914,0.5192527175,0.5358760953,-0.1378430575,0.4524942338,0.5137491226,-0.1206015721,0.4688614905,0.6476827264,-0.02326264232,0.5243970156,0.640165925,-0.1335786581,0.4604336023,0.5963909626,-0.166848883,0.4082003534,0.5651470423,-0.1573099345,34
"D:\DataSet (From Rayeed)\User - Afroza (Female, 50) - Sign Letters\Sign 34 - Haa\Sign 34 - Sample (37).jpg",0.3024436533,0.5150939226,-2.37E-05,0.3443174958,0.3817870915,-0.04820743576,0.459685415,0.3353136778,-0.0415687114,0.5491196513,0.4174077213,-0.03864309937,0.5759919882,0.498387605,-0.01497783512,0.5385703444,0.4081578255,0.05054466799,0.643519938,0.4031856358,0.01605054177,0.7127834558,0.4143148661,-0.006834258325,0.7692943215,0.4344628751,-0.02049855702,0.546931684,0.4886433184,0.0353734456,0.6605464816,0.4948484004,-0.01040718704,0.7365983725,0.4947394431,-0.05317082256,0.7948876619,0.4998401403,-0.0800979957,0.5248759389,0.5670077205,0.007436374202,0.6124328375,0.5824921727,-0.1010893211,0.5314936042,0.5388731956,-0.1425371468,0.4652767777,0.5187503099,-0.1280775368,0.4845573604,0.6457949877,-0.02010427974,0.5365843177,0.6358555555,-0.1355059296,0.471968174,0.5939611197,-0.1729287505,0.4209878445,0.5644106269,-0.1673185378,34
"D:\DataSet (From Rayeed)\User - Afroza (Female, 50) - Sign Letters\Sign 34 - Haa\Sign 34 - Sample (38).jpg",0.3016183674,0.5047728419,-6.43E-05,0.3424111009,0.3756101727,-0.04382525757,0.45756042,0.3283883929,-0.03801592067,0.5445720553,0.4071039557,-0.03596492857,0.5679406524,0.4869199991,-0.01319681387,0.5390430689,0.406423986,0.05035801977,0.6433501244,0.4035930037,0.02105939016,0.7109087706,0.4135913253,0.005393088795,0.7666694522,0.4320065975,-0.004432947375,0.5472505093,0.4855159521,0.03394307569,0.6607702971,0.4949488938,-0.008001662791,0.7357443571,0.4944207668,-0.04559776932,0.7932379842,0.498552978,-0.06975115091,0.5247482061,0.5618499517,0.006642063614,0.6130367517,0.575276494,-0.09579245746,0.5318576097,0.530665338,-0.1294592172,0.4650902748,0.5096005201,-0.1124518737,0.4839944243,0.6400028467,-0.02068346553,0.5403630137,0.6309030056,-0.1285334527,0.4769902229,0.5879129171,-0.1601618677,0.4262940288,0.5578929186,-0.1526221484,34
"D:\DataSet (From Rayeed)\User - Afroza (Female, 50) - Sign Letters\Sign 34 - Haa\Sign 34 - Sample (39).jpg",0.2989281118,0.4899402559,-4.17E-05,0.3454982042,0.3628157377,-0.04579860717,0.461139977,0.324806869,-0.03598010167,0.5498694777,0.4082565606,-0.02894848958,0.5754127502,0.4863333106,-0.003651854349,0.5386955738,0.394533813,0.05419450626,0.646821022,0.3887602985,0.02603901923,0.7178833485,0.3983072639,0.009745088406,0.7758717537,0.4174932837,0.0003559395554,0.5463583469,0.4739566743,0.04084557295,0.6641706228,0.4811662436,-0.0001812841074,0.7423046827,0.4816485345,-0.03875429183,0.8008187413,0.4864937067,-0.06342609227,0.5232283473,0.5520001054,0.01510970574,0.6124113202,0.5654144287,-0.09006403387,0.5279478431,0.5233092308,-0.1295456588,0.4587112665,0.5042484403,-0.1150000393,0.4819135964,0.6311546564,-0.009924508631,0.53859061,0.6222831011,-0.1226549372,0.4730249345,0.5805782676,-0.1586691737,0.4204176664,0.5514793396,-0.1535618901,34
"D:\DataSet (From Rayeed)\User - Afroza (Female, 50) - Sign Letters\Sign 34 - Haa\Sign 34 - Sample (40).jpg",0.2845678031,0.4947273731,-8.22E-05,0.3348782063,0.3646484911,-0.02498336695,0.4478302002,0.327678144,-0.009570198134,0.5327014923,0.4089912772,-0.001416001352,0.5590131879,0.4802884459,0.02918558009,0.5208324194,0.394952625,0.07247445732,0.6276561022,0.391015172,0.0579745695,0.6960427165,0.4009687304,0.04922486469,0.750977397,0.4179701805,0.04339372367,0.5273861885,0.4732798934,0.05122275278,0.6454693675,0.4800062776,0.02471301332,0.7223501205,0.4786198735,-0.001576117007,0.7799713016,0.4831093252,-0.01484387089,0.5036831498,0.547406435,0.01940871589,0.5956203341,0.5594399571,-0.06742533296,0.5203478336,0.5127431154,-0.1020943597,0.4580836594,0.4905254841,-0.08844673634,0.4633851051,0.6229361296,-0.01024950016,0.5234999061,0.6135806441,-0.1048528701,0.4627245367,0.5696088672,-0.136248827,0.412125051,0.5413810015,-0.128590107,34
"D:\DataSet (From Rayeed)\User - Afroza (Female, 50) - Sign Letters\Sign 34 - Haa\Sign 34 - Sample (41).jpg",0.7568950653,0.5654482841,-8.78E-05,0.7167508602,0.4487687945,-0.006730867084,0.6243189573,0.3925743103,-0.05615283549,0.5399466753,0.4296390712,-0.08658034354,0.4957008362,0.4771353006,-0.1042627841,0.5802553892,0.3919098973,-0.2391000092,0.4247532487,0.3957416415,-0.2925949097,0.3374683857,0.3969900608,-0.3070436716,0.2679151297,0.4048905075,-0.3236137629,0.5685479641,0.4949958622,-0.2412763536,0.3940988183,0.4724761248,-0.3159761429,0.288837105,0.4683806896,-0.3143014014,0.2062453032,0.4751082361,-0.3169639111,0.5672064424,0.5921717882,-0.2242338657,0.4179538786,0.5897186995,-0.2153712362,0.4499075711,0.579883039,-0.1141797379,0.4990666211,0.573779583,-0.05859998614,0.5734682083,0.6846481562,-0.2081665397,0.4507392347,0.6596215963,-0.1839449108,0.4720546603,0.6469339132,-0.1171403751,0.5143702626,0.6479649544,-0.07581339777,34
"D:\DataSet (From Rayeed)\User - Afroza (Female, 50) - Sign Letters\Sign 34 - Haa\Sign 34 - Sample (42).jpg",0.7612842917,0.5942391753,-4.93E-05,0.7195901275,0.4815635085,0.002219942864,0.6372185946,0.4264476001,-0.03066882491,0.562530756,0.457043469,-0.04235454276,0.5186959505,0.4956118464,-0.03928603977,0.5856502652,0.4298909307,-0.2043586522,0.4371193945,0.4326976836,-0.2455748022,0.3559006453,0.4307619631,-0.251843214,0.2933321893,0.4327782393,-0.2627113163,0.5732031465,0.5271863341,-0.2026363313,0.409104228,0.5048350692,-0.2627414167,0.3119055033,0.4957224727,-0.255618751,0.2380154729,0.4972868562,-0.2544164062,0.5725360513,0.6201297045,-0.1825062037,0.4346285164,0.6181106567,-0.172920391,0.4618020058,0.6082819104,-0.09034254402,0.506313026,0.6020115018,-0.04596937075,0.5800333619,0.7077442408,-0.1615011692,0.4657918811,0.6822047234,-0.1372369975,0.4863010347,0.6704344749,-0.08012828231,0.5248990655,0.6714769602,-0.04678234085,34
"D:\DataSet (From Rayeed)\User - Afroza (Female, 50) - Sign Letters\Sign 34 - Haa\Sign 34 - Sample (43).jpg",0.7774658203,0.5762099624,-3.43E-05,0.7366133928,0.4674135745,0.007517918479,0.6550277472,0.4184826314,-0.025732724,0.5837689638,0.4528939426,-0.04095055163,0.5462209582,0.4959360063,-0.04411939532,0.604270339,0.4183387756,-0.2004491836,0.4594854712,0.4221311212,-0.2436986715,0.3788944185,0.422547251,-0.256192565,0.3151704073,0.4290967584,-0.2727888227,0.5927600861,0.5128548741,-0.2029013038,0.4313620925,0.4907727838,-0.2659125924,0.335529685,0.4822084606,-0.2643088102,0.261615783,0.4831961989,-0.2662045062,0.5927757621,0.6033519506,-0.1867376417,0.4557136893,0.6031343937,-0.1751232147,0.4818107486,0.5923776627,-0.08849110454,0.5248013139,0.5845479965,-0.04116943851,0.6009036303,0.6888763309,-0.1697211862,0.4878998101,0.6659599543,-0.1434644461,0.5064660311,0.6523870826,-0.08333601058,0.5442277789,0.650444448,-0.04605234787,34
"D:\DataSet (From Rayeed)\User - Afroza (Female, 50) - Sign Letters\Sign 34 - Haa\Sign 34 - Sample (44).jpg",0.7563802004,0.5851216316,-6.57E-05,0.7109569907,0.4756855369,0.005506521091,0.6302437782,0.4292909801,-0.0277179461,0.5585702658,0.4628678858,-0.04326310754,0.5174670815,0.5020802021,-0.04663582891,0.5803525448,0.4304446578,-0.1985828429,0.4349731207,0.4362436235,-0.2413573414,0.3546038866,0.4353781343,-0.2509632409,0.2927246392,0.4397751093,-0.2645390332,0.5702010393,0.5247548223,-0.1991768926,0.4088636935,0.5064042807,-0.2601852715,0.3128614724,0.5010352731,-0.256403625,0.2388739586,0.5048422217,-0.2576233447,0.5717802048,0.6148764491,-0.1816032827,0.4358584285,0.6193070412,-0.1714528799,0.4623009264,0.6094377637,-0.08545766771,0.5057586432,0.6016851664,-0.03842595965,0.5809432268,0.6999856234,-0.1628734767,0.4671409726,0.6813247204,-0.1386865377,0.4846563339,0.6681110859,-0.07987808436,0.5215227604,0.6668501496,-0.0455417037,34
"D:\DataSet (From Rayeed)\User - Afroza (Female, 50) - Sign Letters\Sign 34 - Haa\Sign 34 - Sample (45).jpg",0.7700950503,0.5784422755,-3.38E-05,0.7266315222,0.4801382124,0.01324956212,0.6500405669,0.4337762594,-0.0106977541,0.5846524239,0.4626142681,-0.01789055951,0.5455574393,0.4981056452,-0.01246426813,0.6024949551,0.4309783876,-0.1692962199,0.4648886323,0.43390131,-0.1988070309,0.3914892077,0.4321933985,-0.1995614022,0.3364796042,0.4323814511,-0.2069765925,0.5927152634,0.5176208019,-0.1699590236,0.4394802451,0.4991281033,-0.2193898261,0.3521870971,0.4919872284,-0.2079199851,0.2870095968,0.4929024577,-0.2050261497,0.5940346122,0.6017822027,-0.1533932388,0.4654065967,0.6017889977,-0.1385608464,0.4886114001,0.5932546258,-0.06303972751,0.5283568501,0.5880302191,-0.02458371967,0.6025674939,0.6804129481,-0.1358987838,0.4936129153,0.664575398,-0.1094554737,0.5093511343,0.6561152935,-0.05754068121,0.5450151563,0.6559335589,-0.0285790097,34
"D:\DataSet (From Rayeed)\User - Afroza (Female, 50) - Sign Letters\Sign 34 - Haa\Sign 34 - Sample (46).jpg",0.7858896255,0.5677446127,-3.79E-05,0.7424952984,0.4648224711,0.0212536715,0.6613012552,0.4154412448,-0.006516488269,0.5899298191,0.4427334666,-0.02209418453,0.5491915941,0.4781802297,-0.02615207434,0.6126856804,0.4094192982,-0.1713478863,0.4715041518,0.4127806127,-0.2069592476,0.3933417201,0.414511174,-0.2153585702,0.3324338794,0.4197452664,-0.2293820232,0.6014139056,0.497220993,-0.1799633801,0.443002969,0.4795812368,-0.232516706,0.3498151302,0.4744118154,-0.2232544273,0.2782842815,0.4781830907,-0.2211003453,0.6023485065,0.583637476,-0.1713133603,0.4662437141,0.586748302,-0.1524260342,0.4941798151,0.5794138908,-0.06623087823,0.5377982855,0.573669374,-0.01995948702,0.6118404269,0.6680912971,-0.1610441804,0.5013984442,0.6563152671,-0.1306068301,0.5202692151,0.649399817,-0.07214608043,0.5582623482,0.6496493816,-0.03582242876,34
"D:\DataSet (From Rayeed)\User - Afroza (Female, 50) - Sign Letters\Sign 34 - Haa\Sign 34 - Sample (47).jpg",0.7759578824,0.5872431993,-5.44E-05,0.73325634,0.4889722466,0.01752292179,0.6567975283,0.4404854476,-0.008480335586,0.5898499489,0.4680166841,-0.02011389472,0.5487826467,0.502667129,-0.0201096274,0.612626791,0.4336161017,-0.1653256714,0.4725736678,0.4367295504,-0.1896933764,0.3988246918,0.4353618026,-0.1863159388,0.3444898725,0.4350748658,-0.1907151788,0.6037534475,0.520783186,-0.1689988971,0.4488601089,0.5037742257,-0.212198481,0.3617996871,0.4977450967,-0.194984287,0.2978591919,0.4990243912,-0.1890643835,0.6045749784,0.6060593128,-0.1551658362,0.4745035768,0.6056770086,-0.1349364966,0.4985777736,0.5993996263,-0.05707554519,0.5398359895,0.5957006812,-0.01945370995,0.6116740108,0.6862303615,-0.140075475,0.5014259815,0.6673747301,-0.10981334,0.5173895359,0.6595503092,-0.05712873489,0.5531842113,0.6605565548,-0.02943448909,34
"D:\DataSet (From Rayeed)\User - Afroza (Female, 50) - Sign Letters\Sign 34 - Haa\Sign 34 - Sample (48).jpg",0.8557046652,0.5631604195,0.000158713272,0.7845429182,0.450683862,0.08595646173,0.7108844519,0.4225704074,0.113177605,0.6514148712,0.4449250996,0.1365971565,0.6203531623,0.4905250371,0.1600369066,0.6424509287,0.4041282833,0.01776161231,0.5245350599,0.4061627388,0.03799794987,0.4504128695,0.4091740549,0.03430781141,0.3924498558,0.4119907022,0.01992797107,0.6314805746,0.4683977962,-0.0167825073,0.4981062412,0.4531747997,-0.02434292249,0.4086622894,0.4632672966,-0.03835313395,0.3419572711,0.4728173912,-0.05652653053,0.6365913153,0.5444916487,-0.0313876383,0.5258285999,0.5608618259,0.006554680411,0.5389972329,0.5801606178,0.0479857251,0.5712563992,0.5880367756,0.06896904111,0.6482183337,0.6307395101,-0.04032081366,0.5693387985,0.648091197,0.003618805204,0.5800331831,0.6581348181,0.04164393246,0.6024563313,0.6618474126,0.07192413509,34
"D:\DataSet (From Rayeed)\User - Afroza (Female, 50) - Sign Letters\Sign 34 - Haa\Sign 34 - Sample (49).jpg",0.7694064975,0.5160669088,-2.66E-05,0.6976525187,0.4143108726,0.09428260475,0.6081790924,0.3857102692,0.1003796831,0.5393182039,0.4253740013,0.1004539356,0.4927481711,0.4652560055,0.1088220179,0.5432605743,0.3568958342,-0.05237444863,0.3997577727,0.370577246,-0.0510357134,0.3192949891,0.3851545453,-0.0512418896,0.2577884197,0.3960369825,-0.0630434528,0.538890183,0.4412417114,-0.09209962189,0.3782207966,0.4401502609,-0.1158301085,0.2864527702,0.4471870661,-0.1151084602,0.2176499665,0.4548585415,-0.1273454428,0.5483986139,0.5335453749,-0.1131006926,0.4159689546,0.5709295869,-0.06759937108,0.4535723329,0.57104671,0.005590022076,0.4997500479,0.559704721,0.03686803207,0.5644990802,0.6292161942,-0.1270195693,0.4575674832,0.6541278958,-0.07922217995,0.4865364432,0.644666791,-0.02049643174,0.5287290812,0.6306908727,0.008607967757,34
"D:\DataSet (From Rayeed)\User - Afroza (Female, 50) - Sign Letters\Sign 34 - Haa\Sign 34 - Sample (50).jpg",0.8107594252,0.6104463935,0.0001334935951,0.753271699,0.4995551109,0.0527087599,0.6674269438,0.4611958861,0.04297867045,0.5957906842,0.492720753,0.03584871441,0.5620685816,0.5391892791,0.03925174475,0.6066060066,0.4545460343,-0.1007305384,0.4631489813,0.4776294231,-0.1229095086,0.3830863237,0.4844557643,-0.1286936104,0.3228421509,0.4915165901,-0.1349051595,0.6006359458,0.5474678874,-0.1250537783,0.4404520988,0.5461925268,-0.174031198,0.34263587,0.5510367751,-0.1723870039,0.27102983,0.5558416247,-0.1696716696,0.6108061671,0.6484388113,-0.1303940117,0.473008424,0.680028677,-0.1132154316,0.507098794,0.6855126619,-0.0352816917,0.555940032,0.6776058674,0.007022086531,0.6296026111,0.7517004013,-0.1327311248,0.5182752609,0.7661584616,-0.09071510285,0.5481212735,0.7635717392,-0.03004086576,0.5917326212,0.7573965192,0.01050290186,34
"D:\DataSet (From Rayeed)\User - Afroza (Female, 50) - Sign Letters\Sign 34 - Haa\Sign 34 - Sample (51).jpg",0.8377120495,0.6192382574,0.0001770932722,0.7800426483,0.5135845542,0.06389275938,0.6988021135,0.4837232828,0.06630485505,0.634088695,0.5240964293,0.07385530323,0.6084008217,0.5777947903,0.09168731421,0.6229178309,0.4675744474,-0.07368981093,0.4766584933,0.4938970208,-0.08244631439,0.3959069848,0.5016063452,-0.08764768392,0.3332565129,0.512203455,-0.09623094648,0.6143772006,0.5528842211,-0.1013752669,0.45171386,0.5513576865,-0.1368259341,0.3539944291,0.5593422055,-0.13717179,0.2808921635,0.5682806373,-0.136284247,0.6257526875,0.6510751247,-0.1073515639,0.4911006093,0.6872525215,-0.08602313697,0.5161144733,0.6999884844,-0.02106468193,0.5590530634,0.6964210272,0.01411853824,0.6488386393,0.7553386688,-0.1094379351,0.5406586528,0.7733719349,-0.07383129001,0.5634410977,0.7736356854,-0.02596818842,0.6029174328,0.7687915564,0.008724889718,34
"D:\DataSet (From Rayeed)\User - Afroza (Female, 50) - Sign Letters\Sign 34 - Haa\Sign 34 - Sample (52).jpg",0.8188793063,0.6237856746,8.73E-05,0.754773438,0.509785831,0.07106219977,0.6669559479,0.4675836265,0.07479770482,0.5954951048,0.5025740266,0.07854435593,0.5641465783,0.5512043238,0.0896172151,0.5981923938,0.4676974416,-0.07199784368,0.4576559067,0.4864657521,-0.08874616027,0.3754702508,0.4940666258,-0.0935151726,0.3106681705,0.5034267306,-0.1035995409,0.5903431773,0.5623443127,-0.09953409433,0.4301744103,0.5609880686,-0.1364828646,0.3304505646,0.566798985,-0.1323064119,0.2542234659,0.5730856061,-0.1296551824,0.6014600992,0.6607360244,-0.1090484038,0.4631486237,0.6978822947,-0.08526434749,0.4948130548,0.7004629374,-0.01186407544,0.5435923934,0.690380156,0.028828118,0.6243274808,0.7615918517,-0.1145634204,0.5118438005,0.7781516314,-0.07077041268,0.5384675264,0.7739348412,-0.01270005573,0.5842141509,0.7650906444,0.02549342439,34
"D:\DataSet (From Rayeed)\User - Afroza (Female, 50) - Sign Letters\Sign 34 - Haa\Sign 34 - Sample (53).jpg",0.8064634204,0.6232696772,0.0001272898371,0.7507632971,0.5178728104,0.06709414721,0.6703720093,0.4847091436,0.0695450753,0.6036164165,0.5162024498,0.07459107786,0.5707033873,0.5555638671,0.08788175136,0.6013314128,0.4740789533,-0.07431438565,0.4617040753,0.4952808917,-0.08390106261,0.383407712,0.5027852058,-0.08883175254,0.3233899474,0.5121800303,-0.09709011763,0.5934542418,0.5606762767,-0.1004576012,0.4365814924,0.5638517737,-0.1328341365,0.3413448036,0.5744745135,-0.1306989044,0.2709257007,0.5859735012,-0.1296076775,0.6039710045,0.6554268003,-0.1058683321,0.4726212621,0.6939877272,-0.07641351968,0.5011403561,0.7016960382,-0.005493178032,0.5456739664,0.6951665282,0.02924863063,0.6244151592,0.7561172843,-0.108353436,0.5187357068,0.7739911079,-0.06414288282,0.5461877584,0.7708427906,-0.01254725456,0.5877366066,0.7644585967,0.02158615366,34
"D:\DataSet (From Rayeed)\User - Afroza (Female, 50) - Sign Letters\Sign 34 - Haa\Sign 34 - Sample (54).jpg",0.8177810311,0.6123629212,7.51E-05,0.7566348314,0.5098671913,0.08168585598,0.6740317941,0.4749416411,0.09260877967,0.6069774032,0.5093240142,0.1014321223,0.575058341,0.5522390604,0.116710417,0.6017317176,0.4600137472,-0.05114654079,0.4640932679,0.4849671423,-0.05436861888,0.3860093951,0.4936981797,-0.0489782542,0.3265757263,0.5003858209,-0.05208133534,0.594363153,0.5481798053,-0.08195156604,0.4377710819,0.5540621281,-0.104428038,0.3441295624,0.5616025329,-0.08858618885,0.2754578888,0.567196548,-0.07775066048,0.605166018,0.6435180306,-0.09424825758,0.4706726968,0.6860077381,-0.06278824806,0.5011211038,0.6920840144,0.0112628499,0.5478593707,0.6817007065,0.05285621807,0.627263546,0.7434725761,-0.1018757001,0.5182497501,0.765734911,-0.05323891714,0.5458885431,0.7642435431,0.005197339691,0.5903457403,0.7555518746,0.04398268834,34
"D:\DataSet (From Rayeed)\User - Afroza (Female, 50) - Sign Letters\Sign 34 - Haa\Sign 34 - Sample (55).jpg",0.7054105401,0.8176627159,9.84E-05,0.7155109644,0.7257272005,0.03387386724,0.6785441637,0.6444824934,0.009075032547,0.6214014292,0.6152790785,-0.01148734521,0.5816998482,0.6138071418,-0.02056783997,0.6529572606,0.5700764656,-0.1240721643,0.5388041139,0.4700252414,-0.1510381252,0.4767273664,0.4188874066,-0.1551578939,0.4266808033,0.3835680485,-0.1614345163,0.6181656718,0.6240556836,-0.1515526623,0.4937362075,0.4966107011,-0.1978063583,0.4195027947,0.4311382771,-0.192438364,0.3615136743,0.3835376501,-0.1916327924,0.5849944353,0.6934964657,-0.1643157154,0.4595389962,0.6146511436,-0.1536569893,0.4712450802,0.6407814622,-0.07974742353,0.5038632154,0.6699494123,-0.04053319246,0.5550305843,0.7720731497,-0.1742321253,0.4560136795,0.7015266418,-0.1494642496,0.4696436524,0.7121181488,-0.09781782329,0.4995748401,0.7370768189,-0.06190134585,34
"D:\DataSet (From Rayeed)\User - Afroza (Female, 50) - Sign Letters\Sign 34 - Haa\Sign 34 - Sample (56).jpg",0.7106736898,0.8242584467,1.19E-05,0.7207195163,0.7233459949,0.02140630782,0.6829955578,0.6355490685,-0.01434956957,0.6238618493,0.6039326191,-0.04342992604,0.5822399259,0.6023239493,-0.05932603404,0.6604295969,0.5729986429,-0.1591557562,0.5488985777,0.4676046371,-0.1997734308,0.4874923825,0.4139217138,-0.2108429372,0.4368433952,0.3769429326,-0.220009014,0.6223492026,0.6323494911,-0.1831380129,0.4981835783,0.4994824827,-0.2458319664,0.4244259894,0.4308244586,-0.241585061,0.3639881313,0.3801065683,-0.2423477322,0.5878808498,0.7036620378,-0.1924096793,0.4629083872,0.6164316535,-0.1880502999,0.4823909104,0.6398652196,-0.1047993228,0.519748807,0.6698285341,-0.05858431384,0.5578620434,0.7823153734,-0.2002211511,0.4568658173,0.7035827637,-0.1783088148,0.4718979001,0.7115431428,-0.1226333529,0.5042191744,0.7374743819,-0.08659920096,34
"D:\DataSet (From Rayeed)\User - Afroza (Female, 50) - Sign Letters\Sign 34 - Haa\Sign 34 - Sample (57).jpg",0.6972239017,0.8215955496,0.0001064279277,0.7091044784,0.7277333736,0.03342785686,0.6716558933,0.6479706168,0.01063306909,0.6130710244,0.6212974787,-0.006382669788,0.5735520124,0.6192589998,-0.01401598472,0.643286109,0.5764033794,-0.1257497519,0.5325270295,0.4783410132,-0.1520931274,0.4720762968,0.4273768663,-0.1579206735,0.4224908948,0.3926910758,-0.1654501557,0.6080261469,0.6299577355,-0.1506205052,0.4872108996,0.5057004094,-0.1966952384,0.4127942324,0.4429776669,-0.1938832253,0.3542917967,0.397880137,-0.1947069168,0.5759589076,0.6981655359,-0.1597304791,0.4548723102,0.6202517748,-0.1486078203,0.4634507,0.6437001228,-0.07656103373,0.4932115078,0.6707972288,-0.03784688562,0.5477886796,0.7753267288,-0.1656052023,0.4533197582,0.7068011761,-0.1429719776,0.4635395408,0.7153411508,-0.09413119406,0.4897336066,0.7387436032,-0.059510611,34
"D:\DataSet (From Rayeed)\User - Afroza (Female, 50) - Sign Letters\Sign 34 - Haa\Sign 34 - Sample (58).jpg",0.7107440233,0.8500679731,6.73E-05,0.7272689342,0.7514855862,0.01669463143,0.683719337,0.6607444286,-0.02523001842,0.623378396,0.611318469,-0.06311958283,0.5765106082,0.5980312228,-0.0940438062,0.6728022695,0.5962187052,-0.1765183955,0.5624958873,0.4873896539,-0.2376577705,0.4937094748,0.4236624539,-0.2555139959,0.4393596053,0.3741991222,-0.261950314,0.6380124092,0.6517989039,-0.2063266784,0.5146759748,0.5137812495,-0.2854911685,0.4333715439,0.4376037121,-0.2885679603,0.3757715523,0.3722253442,-0.2903017998,0.6047622561,0.7274276614,-0.2174063474,0.4709522128,0.6325438619,-0.2275212407,0.4636307061,0.6587509513,-0.1426612735,0.4910614491,0.6874557137,-0.08485385031,0.573205471,0.8120754361,-0.2325455397,0.4725032449,0.7355272174,-0.2245081663,0.4590838552,0.7333922386,-0.1763965189,0.4729044437,0.745903492,-0.1351912022,34
"D:\DataSet (From Rayeed)\User - Afroza (Female, 50) - Sign Letters\Sign 34 - Haa\Sign 34 - Sample (59).jpg",0.6940915585,0.881976068,4.26E-05,0.7017017007,0.7728946805,0.02118586004,0.6546033621,0.6813024879,-0.01372249424,0.5935249925,0.6361394525,-0.04450056329,0.5455539227,0.6281888485,-0.06666842103,0.6347433925,0.6301828623,-0.1670343429,0.5219439268,0.5183122158,-0.2135118544,0.4506392479,0.4486840963,-0.2323342264,0.3970233798,0.3966973722,-0.2448101342,0.60219872,0.6856424212,-0.1955263615,0.4778097272,0.5421064496,-0.2729860842,0.3923996687,0.4630827904,-0.2856359184,0.3296949267,0.4040447176,-0.2966721356,0.5727020502,0.764336586,-0.201982528,0.4460658431,0.6717281938,-0.2128617615,0.4417941868,0.6964906454,-0.1373229921,0.4666924477,0.7246904969,-0.08660152555,0.5437533855,0.8522452116,-0.209099263,0.4546806216,0.7736549377,-0.2137625068,0.4353029728,0.7650083303,-0.1842502803,0.4366201758,0.7704969049,-0.1579981446,34
"D:\DataSet (From Rayeed)\User - Afroza (Female, 50) - Sign Letters\Sign 34 - Haa\Sign 34 - Sample (60).jpg",0.6633018851,0.8857288361,0.0001337342983,0.6769918203,0.7749714851,-0.002579877386,0.630271256,0.6826024652,-0.0556344837,0.5641309619,0.6310839653,-0.1001321077,0.5145424604,0.6204859614,-0.1378210932,0.6141644716,0.6544611454,-0.2256989926,0.5010800958,0.5480463505,-0.296628505,0.4316411018,0.4868331552,-0.315053314,0.3732867241,0.4430478513,-0.3214915991,0.5780438185,0.7215129733,-0.2457417399,0.4492648244,0.5903198719,-0.3304949105,0.368300885,0.5143424273,-0.3350199759,0.307553798,0.4519431591,-0.3384246826,0.5464569926,0.8003787994,-0.2477666587,0.4075683951,0.7129576802,-0.2627896667,0.4104231,0.7300018668,-0.1756008863,0.4432835281,0.7538887262,-0.1174463853,0.518238008,0.8829790354,-0.2543841898,0.4119382799,0.8142715693,-0.254820317,0.4059956074,0.8057339787,-0.2080971748,0.4248122871,0.8125063181,-0.1702761352,34
"D:\DataSet (From Rayeed)\User - Afroza (Female, 50) - Sign Letters\Sign 34 - Haa\Sign 34 - Sample (61).jpg",0.2231715322,0.5826277137,-0.0001190204421,0.2407263666,0.470785439,-0.07458240539,0.3286143541,0.3786950707,-0.1274618953,0.4093198478,0.3945021629,-0.1769125015,0.4585093856,0.4663587511,-0.2001236528,0.4579651952,0.4112365246,-0.0871077776,0.5496505499,0.3619853556,-0.1837238818,0.611161232,0.3416444063,-0.2383169085,0.6752349138,0.3287467957,-0.2725421488,0.4689604342,0.4979795516,-0.1068603024,0.5722951293,0.4584934115,-0.2089190632,0.6351927519,0.4248630702,-0.2745285034,0.7019635439,0.3995475471,-0.3223630488,0.4483751953,0.5892549157,-0.1326131672,0.4908854365,0.5573008657,-0.2576667964,0.3940624893,0.5330064297,-0.2459427416,0.3375564218,0.5327609181,-0.2127835453,0.4058250785,0.6761370301,-0.1656478345,0.4287998974,0.6386255026,-0.2597942054,0.3557534218,0.6051242352,-0.2515807152,0.3081940114,0.5960535407,-0.2216259241,34
"D:\DataSet (From Rayeed)\User - Afroza (Female, 50) - Sign Letters\Sign 34 - Haa\Sign 34 - Sample (62).jpg",0.2509535253,0.6440204978,-9.38E-05,0.274738133,0.5301972032,-0.05668994039,0.3691967726,0.4465946555,-0.09714654088,0.4535511732,0.4685349166,-0.139870137,0.5003287792,0.532715857,-0.1558035016,0.4875792563,0.487617135,-0.03787118569,0.5799646378,0.4391185641,-0.1098008156,0.6390424967,0.4168357849,-0.1459130943,0.6989125609,0.4058529735,-0.1684177667,0.4971364439,0.5691294074,-0.06238898635,0.6056744456,0.5252842307,-0.1476598233,0.6671487093,0.4914793968,-0.2015381902,0.7287675738,0.4683714509,-0.237913847,0.4761132896,0.6547902226,-0.09331060946,0.5326651335,0.6127681732,-0.2067828327,0.4368462563,0.5859866738,-0.1977174878,0.3788076341,0.5881144404,-0.1628814489,0.4353014827,0.736675024,-0.1301771551,0.4722827077,0.6885398626,-0.2154423445,0.3995327652,0.6520488262,-0.2105590701,0.3502284884,0.6428976059,-0.1834772825,34
"D:\DataSet (From Rayeed)\User - Afroza (Female, 50) - Sign Letters\Sign 34 - Haa\Sign 34 - Sample (63).jpg",0.2603115737,0.645917654,-6.96E-05,0.2871080041,0.5356191397,-0.05465904996,0.3820585907,0.4561861455,-0.09295022488,0.4659098387,0.4761735201,-0.1338099539,0.5118399262,0.5402082801,-0.1578842402,0.4944274724,0.5017536283,-0.04072035104,0.5891666412,0.4525194466,-0.1055198833,0.6507152915,0.4291400015,-0.1400032938,0.7134844065,0.4171982408,-0.1617837399,0.5047652125,0.5803907514,-0.06443747878,0.6097770929,0.5391393304,-0.1424752474,0.6741192937,0.5020428896,-0.193032518,0.7367742062,0.4777401388,-0.225862518,0.4842131138,0.6641969681,-0.09360884875,0.5462946296,0.6244131923,-0.2027973235,0.4515323043,0.5941678286,-0.2010995448,0.3901159167,0.5958424211,-0.1681206226,0.4441229701,0.7458099127,-0.1275562197,0.4810605645,0.6956555247,-0.2162870914,0.4101977944,0.6568590999,-0.2150500864,0.3615733087,0.646389246,-0.1868722141,34
"D:\DataSet (From Rayeed)\User - Afroza (Female, 50) - Sign Letters\Sign 34 - Haa\Sign 34 - Sample (64).jpg",0.2393815815,0.6568983793,-8.55E-05,0.2672999501,0.5403763056,-0.04630684853,0.3649305105,0.4564433992,-0.08374716341,0.4485558271,0.4751107097,-0.1262103617,0.4900134504,0.5380805135,-0.1566151828,0.4795347452,0.5051522851,-0.03040115163,0.5721581578,0.4558162689,-0.09343714267,0.6321781278,0.4328272045,-0.124118261,0.6944075823,0.4253501296,-0.140133962,0.4905659854,0.5838669538,-0.05439129472,0.5985817909,0.5441199541,-0.1290221214,0.6617794633,0.5033533573,-0.1709631979,0.7219331264,0.4791113138,-0.1954573393,0.4691027999,0.6683959365,-0.0847382918,0.5352982283,0.6234837174,-0.1905013025,0.4384034276,0.5941548944,-0.1849640459,0.377164036,0.6021366119,-0.1480168253,0.4289666414,0.7535495758,-0.1190814599,0.4706875086,0.6979265213,-0.2038977295,0.3957369924,0.6607766747,-0.1975362152,0.3481814265,0.6578062177,-0.1682167351,34
"D:\DataSet (From Rayeed)\User - Afroza (Female, 50) - Sign Letters\Sign 34 - Haa\Sign 34 - Sample (65).jpg",0.2432441413,0.6537042856,-5.75E-05,0.2669249475,0.5397853851,-0.05256151408,0.3625018001,0.4585188925,-0.09213963896,0.4452067912,0.4776314795,-0.1342539489,0.4915001988,0.5381081104,-0.1595908105,0.4796951711,0.5038653016,-0.03982928023,0.5730396509,0.455676496,-0.108138226,0.632868588,0.4335612059,-0.1428185999,0.6947658658,0.427051723,-0.1625153869,0.4901367128,0.5820028782,-0.06366314739,0.5988016725,0.5384252071,-0.145211488,0.6631330252,0.4988000691,-0.1934742182,0.7259048223,0.4750187397,-0.2241930068,0.469130367,0.6666511297,-0.09346343577,0.5349741578,0.6255126595,-0.203657493,0.4380722642,0.5975205302,-0.1977223158,0.3756473064,0.6029882431,-0.1625299603,0.4292757511,0.7512428164,-0.1277853698,0.4698788226,0.7011698484,-0.2148467898,0.3957996368,0.6633321643,-0.2082524449,0.3471690714,0.6554211974,-0.1790255755,34
"D:\DataSet (From Rayeed)\User - Afroza (Female, 50) - Sign Letters\Sign 34 - Haa\Sign 34 - Sample (66).jpg",0.2509163022,0.6459926367,-5.89E-05,0.2737375498,0.5354486704,-0.05400413275,0.3688941896,0.4558306932,-0.09024357051,0.452270478,0.4760084748,-0.1275799274,0.4954768121,0.5385066271,-0.1481831819,0.4806418121,0.4968488216,-0.04629621282,0.5725768805,0.4488773942,-0.1180795059,0.6326601505,0.4251568615,-0.1570505798,0.6946834326,0.412624836,-0.1807070374,0.49133268,0.5756989717,-0.06898584217,0.5928731561,0.5343865752,-0.1519145072,0.6543000937,0.4960485399,-0.2049479932,0.7156225443,0.4693047106,-0.2385569364,0.4722672701,0.6615678668,-0.09674566984,0.5311799049,0.6203508377,-0.2053548992,0.4365862608,0.5927788019,-0.1998747438,0.376331836,0.5960355401,-0.1656865031,0.4333749413,0.7449954748,-0.1297290474,0.4655314088,0.6943147779,-0.2185618728,0.393229425,0.6576292515,-0.2150801271,0.3442489803,0.6487476826,-0.1851128787,34
"D:\DataSet (From Rayeed)\User - Afroza (Female, 50) - Sign Letters\Sign 34 - Haa\Sign 34 - Sample (67).jpg",0.2350626588,0.6399652362,-6.65E-05,0.2600227892,0.5276561975,-0.04931825772,0.3543697,0.4408929646,-0.0868698135,0.4379115105,0.4562729299,-0.1288855374,0.4836578667,0.5196009874,-0.1554824412,0.4706721008,0.4898782372,-0.02728944458,0.5615057945,0.4375992119,-0.09272648394,0.6213750839,0.4123696089,-0.1251935512,0.6839354038,0.4006616473,-0.1430584788,0.4836208522,0.5661949515,-0.05150128156,0.5876397491,0.5201856494,-0.1289641261,0.6511060596,0.4773997068,-0.1737921387,0.7133463025,0.44891119,-0.2004339397,0.4648208022,0.6498043537,-0.0822148025,0.5259321332,0.6011077762,-0.1907988787,0.4286077917,0.5767719746,-0.1839161515,0.3664896786,0.5846868157,-0.1458100528,0.427125752,0.7329696417,-0.1173342392,0.4626972675,0.6721748114,-0.2051657885,0.3874283135,0.6381270289,-0.199504137,0.3376488984,0.6346606612,-0.1686629355,34
"D:\DataSet (From Rayeed)\User - Afroza (Female, 50) - Sign Letters\Sign 34 - Haa\Sign 34 - Sample (68).jpg",0.2389764935,0.6463657618,-6.73E-05,0.2644436359,0.5350680947,-0.04915013537,0.3588952422,0.4494080544,-0.08557868004,0.4412484169,0.4616177678,-0.1246857718,0.4868878424,0.524768889,-0.1484751999,0.4731733203,0.4941793084,-0.04015477374,0.5616750717,0.4446151555,-0.105859831,0.6198074818,0.418581754,-0.1418198198,0.6805211306,0.4046612978,-0.165560022,0.4830897748,0.5735394955,-0.0626899302,0.584094584,0.5295003057,-0.1393492371,0.6442953348,0.4830226004,-0.1900015622,0.703330934,0.4539885521,-0.2234919965,0.4629267454,0.6597323418,-0.089786008,0.520418644,0.6149636507,-0.1891876012,0.42568928,0.5869463086,-0.1796428561,0.3669216037,0.5952492952,-0.1457672864,0.4234001637,0.7456943989,-0.1218907163,0.4592652619,0.691393435,-0.2014193833,0.3868923783,0.6550739408,-0.1918975413,0.3406594396,0.6515184045,-0.1616723388,34
"D:\DataSet (From Rayeed)\User - Afroza (Female, 50) - Sign Letters\Sign 34 - Haa\Sign 34 - Sample (69).jpg",0.5789928436,0.8942271471,-9.96E-05,0.5950959325,0.7578732967,0.09592070431,0.5755363703,0.6515108943,0.0965084359,0.5383207202,0.5825679302,0.09059207141,0.5010105968,0.5293979049,0.08788913488,0.5824674368,0.5753919482,-0.06715963781,0.5137280822,0.4381723404,-0.07476832718,0.4692664444,0.3574073911,-0.07326903939,0.4358132482,0.2979142368,-0.08114179969,0.5405235887,0.6232715845,-0.1141207591,0.4693920016,0.4525920451,-0.1514743865,0.4181267619,0.3615790606,-0.1438775063,0.3746869564,0.2896337211,-0.1459489763,0.4911446869,0.6833811402,-0.1392316669,0.4020242691,0.565705061,-0.1075791046,0.4161896706,0.605470717,-0.02250077389,0.4422904551,0.6478127837,0.01538872719,0.4376434684,0.744382441,-0.1586615294,0.3649365008,0.6434565187,-0.1099046692,0.3808934689,0.6682702899,-0.04113852605,0.4059487283,0.705960393,-0.006240204442,34
"D:\DataSet (From Rayeed)\User - Afroza (Female, 50) - Sign Letters\Sign 34 - Haa\Sign 34 - Sample (70).jpg",0.6917440295,0.8118144274,-7.65E-05,0.7059287429,0.6792221069,0.07871469855,0.6852902174,0.5671523213,0.07554636896,0.6420978904,0.4942391813,0.07117516547,0.5990202427,0.441791296,0.07278037071,0.6880749464,0.4962280095,-0.08157262951,0.6047263741,0.3637549281,-0.09505721927,0.5549087524,0.2890772223,-0.09378570318,0.5185694098,0.2324812412,-0.09869760275,0.6470219493,0.5485340357,-0.1239987463,0.5549724102,0.3846587539,-0.1624535471,0.4951991439,0.3022386134,-0.1538951844,0.4452764392,0.2342096567,-0.1555305123,0.5991540551,0.6147145629,-0.1468144655,0.5001437664,0.508664906,-0.1194285676,0.510461688,0.5460261703,-0.03718087822,0.5336983204,0.5833589435,-0.00111527706,0.5471605659,0.6834651828,-0.1655974537,0.4687540531,0.5884353518,-0.1219370291,0.4843153358,0.6128040552,-0.05662975833,0.5090718865,0.6510021687,-0.02489313856,34
"D:\DataSet (From Rayeed)\User - Afroza (Female, 50) - Sign Letters\Sign 34 - Haa\Sign 34 - Sample (71).jpg",0.6900991797,0.824739933,-6.91E-05,0.7087020278,0.6904004812,0.07966738939,0.6895555258,0.5820791721,0.07189220935,0.6477996707,0.5142789483,0.06258635223,0.6093893647,0.4667189717,0.06003738195,0.687356472,0.5162388682,-0.08989459276,0.6116349101,0.3838014603,-0.1113508493,0.5654349327,0.3053054214,-0.1178887784,0.5283694863,0.2458359599,-0.128792882,0.6437097788,0.5668272972,-0.1334462613,0.5591531992,0.4022678733,-0.1802033335,0.503587842,0.3090085983,-0.1764477491,0.4549642503,0.2345070839,-0.1812362075,0.5966812968,0.6295995712,-0.1566420645,0.4994958639,0.5199475884,-0.1322007775,0.5167196989,0.5574184656,-0.04843430594,0.5444788337,0.5974286199,-0.009596111253,0.5471770167,0.6946618557,-0.1755606979,0.4690158665,0.5966790915,-0.1308235973,0.4858987629,0.6200799346,-0.06232088804,0.5112258196,0.6571500301,-0.02762566693,34
"D:\DataSet (From Rayeed)\User - Afroza (Female, 50) - Sign Letters\Sign 34 - Haa\Sign 34 - Sample (72).jpg",0.6319054961,0.7759582996,-0.0001037592738,0.6442075968,0.651335597,0.07311751693,0.6227869391,0.5546427369,0.05875965208,0.581964016,0.4935954511,0.04089492559,0.5414738059,0.4447534084,0.02553133853,0.6279636025,0.4971143007,-0.1025805771,0.5569187999,0.3751138449,-0.1328486055,0.5117501616,0.3037466407,-0.1436445415,0.4791100323,0.2534630001,-0.1536362916,0.5918434262,0.5513345003,-0.1454825699,0.5133142471,0.4024102688,-0.1983147264,0.4604156613,0.3220163286,-0.197277844,0.4154674411,0.2571448684,-0.2044867426,0.5495878458,0.6126335263,-0.1683798581,0.4600438476,0.5137754083,-0.1500774771,0.4732299447,0.5430073142,-0.06503752619,0.4965649545,0.5732200742,-0.02423987351,0.5042337775,0.6723899841,-0.1879752427,0.4324961901,0.5843359232,-0.1492146999,0.4477233291,0.6019158363,-0.08107573539,0.4698501229,0.6322507262,-0.04397675022,34
"D:\DataSet (From Rayeed)\User - Afroza (Female, 50) - Sign Letters\Sign 34 - Haa\Sign 34 - Sample (73).jpg",0.613034606,0.762411356,-0.0001040502611,0.6563843489,0.6164670587,0.01286775805,0.60831213,0.4983869195,0.02012760751,0.5355218053,0.4477775097,0.0470579043,0.4765853286,0.4294316173,0.0735815838,0.5426844358,0.457379818,-0.09434688836,0.457113266,0.3226426244,-0.076421462,0.410998255,0.2526796162,-0.0555880256,0.3739653528,0.2136113644,-0.04290849715,0.4829480052,0.5151673555,-0.0624855496,0.3971321285,0.3642836213,-0.02523542382,0.3588296175,0.2818176746,0.02395909838,0.3309373856,0.234978959,0.053464517,0.449549228,0.5844827294,-0.02158450522,0.4028015435,0.4518139064,0.07282778621,0.4409630001,0.4487832189,0.1360812187,0.4729537368,0.4731369615,0.156428203,0.4331871271,0.6477149129,0.01924500242,0.4111633897,0.5355919003,0.09862402827,0.4423014224,0.5294281244,0.1378893703,0.4670895636,0.5483025908,0.1541155279,34
"D:\DataSet (From Rayeed)\User - Afroza (Female, 50) - Sign Letters\Sign 34 - Haa\Sign 34 - Sample (74).jpg",0.6478310823,0.7971330881,-5.84E-05,0.6975867748,0.642685771,0.01384442206,0.6493608356,0.517772913,0.03289307654,0.5739533305,0.4703823626,0.07581736892,0.5140994787,0.4534363449,0.124110505,0.561909318,0.4719498158,-0.08114946634,0.4696182013,0.3289382458,-0.05439052358,0.4220174551,0.2611579895,-0.02534615435,0.3831852674,0.2265577465,-0.009128276259,0.497952044,0.5309454799,-0.04557276145,0.4072880745,0.3771187365,0.00260367454,0.3731427193,0.2916032672,0.06256937236,0.3483775854,0.2492249459,0.1021702513,0.4673134685,0.6037665606,-0.0009457077831,0.4199727774,0.4668811262,0.09859789163,0.4643716514,0.4612878263,0.1612169594,0.4999115467,0.4898493886,0.1837624609,0.4573016763,0.6712198257,0.04426483437,0.4384216666,0.555021584,0.126793921,0.4731930196,0.5438488722,0.1666496843,0.499781996,0.5638526082,0.1864034683,34
"D:\DataSet (From Rayeed)\User - Afroza (Female, 50) - Sign Letters\Sign 34 - Haa\Sign 34 - Sample (75).jpg",0.6705104709,0.7237431407,-9.32E-05,0.7053511739,0.5913991332,0.02259308472,0.658831656,0.4833769798,0.04154787213,0.5909934044,0.4443442822,0.08036559075,0.5367881656,0.4301309586,0.1280331463,0.584361136,0.4391025007,-0.07537055016,0.494643271,0.3139630556,-0.05020124465,0.448490113,0.2542686462,-0.02093401179,0.4122909307,0.2244079709,-0.004292033147,0.5288112164,0.4953026474,-0.05071244016,0.4428654909,0.3521908522,-0.01165490411,0.409439981,0.2758542895,0.04737210274,0.386068821,0.2401474267,0.0874722302,0.4993103445,0.565625608,-0.01592892408,0.4433707595,0.4390908778,0.06692780554,0.4816505313,0.4364379048,0.1303914189,0.5143711567,0.4638220072,0.1553797722,0.4843810797,0.632984519,0.01906501688,0.4503409564,0.5230309963,0.08743958175,0.4800074399,0.5159834623,0.1293101609,0.5050260425,0.537478745,0.1519175768,34
"D:\DataSet (From Rayeed)\User - Afroza (Female, 50) - Sign Letters\Sign 34 - Haa\Sign 34 - Sample (76).jpg",0.6759910583,0.7492400408,-4.92E-05,0.7154913545,0.6203100085,0.01840639114,0.6718674898,0.5073854923,0.03245596588,0.6057364345,0.4646204412,0.06738854945,0.5510157347,0.4497130811,0.1101808622,0.6012302637,0.4642960429,-0.0901305005,0.5110108852,0.3374747634,-0.07796595991,0.4643455148,0.2723691463,-0.05949021131,0.4264148772,0.2372542471,-0.05121202767,0.5428227186,0.5183798671,-0.06662525237,0.4550682902,0.3745623231,-0.04173901677,0.4183808565,0.2954556048,0.005622855388,0.3893349171,0.2528859973,0.03620580956,0.5096476078,0.5869896412,-0.03173153102,0.4501540661,0.4602837265,0.04056487605,0.4887827635,0.4603347778,0.1042071059,0.5225836635,0.4862651825,0.1309679151,0.4922101498,0.6538879275,0.003332105698,0.4591202438,0.542535007,0.06632148474,0.4894506037,0.5394233465,0.109023422,0.5153459311,0.5629972219,0.1332196742,34
"D:\DataSet (From Rayeed)\User - Afroza (Female, 50) - Sign Letters\Sign 34 - Haa\Sign 34 - Sample (77).jpg",0.5914208889,0.7330476046,-7.43E-05,0.6360200644,0.5926802158,0.02116455883,0.5901799798,0.4818603098,0.03708606958,0.5236901045,0.4349986315,0.07079315186,0.4686011076,0.4126215875,0.1044772714,0.5241114497,0.4324660897,-0.07728182524,0.4459065497,0.306750834,-0.05737815052,0.4045161605,0.2411904186,-0.03366093338,0.3723400831,0.2056533396,-0.01757229492,0.4657161534,0.4896995425,-0.04775972292,0.3872072101,0.3489813209,-0.01045991015,0.3527602553,0.2706175148,0.04115792364,0.3274427652,0.2263574302,0.0756059289,0.4342544079,0.5575361848,-0.008878818713,0.3903788924,0.4355717003,0.0849834457,0.4311800301,0.433709532,0.151046738,0.4642252922,0.4578225017,0.1759568602,0.419129014,0.6189256907,0.03046571463,0.4005079567,0.5155472755,0.1111367047,0.4330578744,0.5087499619,0.1530010998,0.4586727321,0.5261996984,0.1736385077,34
"D:\DataSet (From Rayeed)\User - Afroza (Female, 50) - Sign Letters\Sign 34 - Haa\Sign 34 - Sample (78).jpg",0.6054676175,0.6919564009,-7.29E-05,0.6438446045,0.5609406233,0.0183866173,0.6022276878,0.4539352655,0.02919711545,0.539631784,0.4074542522,0.05831445381,0.4856889546,0.3870426714,0.09054403752,0.5384729505,0.4144099951,-0.08772792667,0.4578747451,0.2813691795,-0.07528313249,0.4153999388,0.2153512388,-0.05753934011,0.3812059164,0.1783899963,-0.04584402218,0.4813010991,0.4651837349,-0.06238764897,0.4012629092,0.3190407753,-0.03160506114,0.3688915968,0.2386672944,0.01650432684,0.3441963792,0.196700871,0.04743779451,0.4495916069,0.5291321874,-0.02776077576,0.4031398296,0.3991918564,0.05724782869,0.4402166009,0.3935880661,0.1204143614,0.4693265855,0.4187385738,0.1431580037,0.4338884354,0.5896902084,0.00736762071,0.4144673944,0.4791720808,0.08116176724,0.4444012642,0.4714216292,0.122678481,0.4659326375,0.490868628,0.1425327361,34
"D:\DataSet (From Rayeed)\User - Afroza (Female, 50) - Sign Letters\Sign 34 - Haa\Sign 34 - Sample (79).jpg",0.60995543,0.6975361109,-4.57E-05,0.6546781659,0.5627429485,0.01577687636,0.6107342839,0.4453454912,0.03125550598,0.5407125354,0.3982129395,0.06779627502,0.484159708,0.3793102205,0.1110115126,0.5432165265,0.4026995003,-0.08379928023,0.4600387216,0.2635946572,-0.07085093856,0.416636616,0.1934819967,-0.05227059871,0.3807945549,0.1545261443,-0.04144639149,0.4824518859,0.4544818699,-0.05527203158,0.4023822546,0.3067808747,-0.02715760842,0.369558841,0.2229280323,0.01922481321,0.3433499932,0.1788507104,0.04763279855,0.4490888119,0.5217182636,-0.01651327312,0.4011451602,0.3928139508,0.06663719565,0.4406214952,0.3889448941,0.1299340427,0.4732435346,0.4151479304,0.1551831812,0.4326190352,0.5854289532,0.02195213363,0.4119044542,0.4773641527,0.09411186725,0.4446975887,0.4704545736,0.1361883581,0.4697399437,0.4908029139,0.1574832797,34
"D:\DataSet (From Rayeed)\User - Afroza (Female, 50) - Sign Letters\Sign 34 - Haa\Sign 34 - Sample (80).jpg",0.6141952276,0.6776975989,-7.33E-05,0.654892385,0.5600547791,0.0152708916,0.6157410145,0.4505836964,0.02613311075,0.5508086085,0.4078174531,0.05637678131,0.4996622205,0.3886177242,0.09507251531,0.5550213456,0.4111388326,-0.08995421976,0.4771600366,0.2824781239,-0.079070732,0.438878417,0.2163145393,-0.06026677042,0.4076012075,0.1790008247,-0.05047241226,0.4997679591,0.4589654803,-0.06850557774,0.4237202406,0.3171810806,-0.04693682492,0.3917990923,0.2378372401,-0.005372619722,0.3654085994,0.1940301657,0.01977388933,0.4672992229,0.5223187208,-0.03577391058,0.4158543944,0.400113672,0.0358765088,0.4531908631,0.4057530165,0.09687042981,0.484149456,0.4333584905,0.1209667325,0.4492331743,0.5840150118,-0.003942046314,0.421269089,0.4777751863,0.05867112428,0.4496448934,0.4794517457,0.1003827602,0.4723254144,0.5041698217,0.1222420931,34
"D:\DataSet (From Rayeed)\User - Afroza (Female, 50) - Sign Letters\Sign 34 - Haa\Sign 34 - Sample (81).jpg",0.7122932076,0.644810915,-8.08E-05,0.6899346113,0.5365417004,0.06838488579,0.6366015673,0.4760130644,0.06691130251,0.5792247057,0.4637181759,0.06061866879,0.5347435474,0.466096282,0.0592590943,0.588614881,0.4315283298,-0.06884127855,0.4769482315,0.382865876,-0.0795167163,0.4143335521,0.3671241105,-0.07835421711,0.366392076,0.3566872478,-0.07838446647,0.5751274824,0.4999114275,-0.1047216281,0.4432887137,0.440009892,-0.1339630336,0.3714338243,0.4157051444,-0.1316972077,0.3158985972,0.3988265991,-0.1383282095,0.5673958063,0.5795525908,-0.1250721812,0.4528716505,0.5613021851,-0.103304714,0.4864818752,0.57835114,-0.03403696418,0.5260070562,0.5874739885,-0.001143394387,0.5637843013,0.6645240784,-0.1398056895,0.4715707302,0.6424860954,-0.1106237844,0.4978967309,0.6426489353,-0.06261341274,0.5330616832,0.6462418437,-0.0346618928,34
"D:\DataSet (From Rayeed)\User - Afroza (Female, 50) - Sign Letters\Sign 34 - Haa\Sign 34 - Sample (82).jpg",0.7289921045,0.6857177615,-9.47E-05,0.6941254139,0.5714947581,0.106094785,0.6207871437,0.5224062204,0.1291934848,0.5617485046,0.53011024,0.1458649337,0.5188442469,0.5423685312,0.1724553704,0.5399432182,0.4819161594,-0.00316027971,0.4054256082,0.4749522209,0.0277391281,0.337708652,0.4841333032,0.05402510986,0.2902455926,0.4940448403,0.06564322114,0.5301026106,0.5664116144,-0.04915343225,0.3750729561,0.5379728675,-0.05069850385,0.299962759,0.5307337642,-0.0329120867,0.2497631162,0.5297397971,-0.03298563883,0.5343687534,0.6602266431,-0.07866162807,0.4061766565,0.6674469709,-0.03199759126,0.4490111172,0.6772740483,0.05092334747,0.4946498275,0.6832354665,0.08765318245,0.5442638397,0.7585137486,-0.09959126264,0.4370713532,0.7559140325,-0.05066264048,0.4714481235,0.7478945851,0.01203674357,0.5141875148,0.7443050742,0.04516543821,34
"D:\DataSet (From Rayeed)\User - Afroza (Female, 50) - Sign Letters\Sign 34 - Haa\Sign 34 - Sample (83).jpg",0.7295585275,0.6057384014,-0.0001017128743,0.6898041964,0.4821996093,0.101177834,0.6220558882,0.4308253229,0.1222721785,0.562661767,0.4323427677,0.1370159388,0.5164430141,0.4428912699,0.1568528265,0.543515265,0.3988912702,-0.01744651236,0.4149426818,0.3908474445,0.007030704059,0.3464943469,0.3966003358,0.02638632804,0.2987223268,0.4043004513,0.03324270993,0.534794569,0.4855799973,-0.05522022769,0.3889876008,0.4573133886,-0.05222155154,0.3117342889,0.448248744,-0.02875241451,0.2569209039,0.4429937005,-0.02609259263,0.5381891727,0.5786044598,-0.07712897658,0.4201392233,0.5782386065,-0.0183367338,0.4596697986,0.5820450783,0.06918738782,0.5033578277,0.5826431513,0.1048118472,0.5462048054,0.6732918024,-0.09182865173,0.4491680861,0.6629912257,-0.033937525,0.4810115695,0.652353406,0.02808768302,0.5219365954,0.6479177475,0.05821269751,34
"D:\DataSet (From Rayeed)\User - Afroza (Female, 50) - Sign Letters\Sign 34 - Haa\Sign 34 - Sample (84).jpg",0.7426006198,0.6149922609,-7.18E-05,0.7066833377,0.5039613247,0.1021189839,0.6356661916,0.4622299969,0.1284551471,0.5734739304,0.4761514366,0.1459878683,0.5321835876,0.4992390275,0.1662045121,0.5626335144,0.421027869,-0.001745822723,0.4373053908,0.4100626111,0.02443294786,0.368672967,0.4119769633,0.04207096621,0.3188895583,0.4175862968,0.04862839356,0.5511282682,0.499606818,-0.03693789616,0.4066628516,0.4767335951,-0.0293001011,0.3276048303,0.4711596072,-0.006943630986,0.2696594894,0.469063133,-0.00406309031,0.552239418,0.5873740315,-0.05586190894,0.4301872253,0.5952067375,0.004652009811,0.4692984819,0.6053065062,0.08044262975,0.5131130815,0.6061843634,0.1108886153,0.558155179,0.6778739691,-0.06674171984,0.4578832984,0.6780691743,-0.006966233253,0.489072293,0.6745160222,0.0473911576,0.5295115113,0.670568347,0.07261171937,34
"D:\DataSet (From Rayeed)\User - Afroza (Female, 50) - Sign Letters\Sign 34 - Haa\Sign 34 - Sample (85).jpg",0.7060146332,0.6764739156,-0.0001793715055,0.6491646171,0.5662674904,0.05199610814,0.5757957101,0.5041298866,0.02193978056,0.5088009834,0.4956072271,-0.003462560242,0.4529268742,0.4915920198,-0.01845278591,0.5614490509,0.4472777843,-0.13553904,0.4273233712,0.4183613062,-0.1738668978,0.3488835096,0.4066921175,-0.1881940216,0.2919061482,0.3960376084,-0.2019709647,0.564229548,0.5337941051,-0.1815868169,0.4074297547,0.4810924828,-0.2476384789,0.3231274486,0.4614219666,-0.2565786839,0.2522671223,0.4473241568,-0.2786836922,0.5659198165,0.6296794415,-0.2097911239,0.4261241853,0.6289156079,-0.2166870236,0.4649574757,0.6470364928,-0.1132419929,0.5077577233,0.6565327048,-0.0601070784,0.5646716952,0.729074657,-0.2362285554,0.4460583329,0.7211244106,-0.2181254774,0.4777794182,0.7204560041,-0.143669039,0.5203044415,0.7242162228,-0.09938477725,34
"D:\DataSet (From Rayeed)\User - Afroza (Female, 50) - Sign Letters\Sign 34 - Haa\Sign 34 - Sample (86).jpg",0.6407462358,0.7484773993,-1.62E-06,0.6152979136,0.6380673051,0.04182981327,0.5542082191,0.5654096007,0.02617346123,0.4906298816,0.5595495701,0.01707968116,0.4495696723,0.5665304661,0.01599914208,0.5072885752,0.531285584,-0.1121702418,0.3793674707,0.5093117356,-0.1400617361,0.3077630103,0.4933950007,-0.1448621154,0.2512869537,0.4828301668,-0.1516474336,0.4908137321,0.6082448363,-0.1394760013,0.3443518281,0.5641903877,-0.1890797019,0.2621514201,0.5451706648,-0.1790506989,0.1966436207,0.5353532434,-0.1775161922,0.484487325,0.6975684762,-0.1509019136,0.3622853756,0.6933315396,-0.1423792541,0.3911331296,0.7057620287,-0.06657335162,0.4317651689,0.7154980302,-0.02747157775,0.4826339781,0.7933759093,-0.1609932333,0.380017221,0.7803493738,-0.1382728368,0.403765291,0.7821000218,-0.0844135806,0.4442152083,0.7917674184,-0.0546191521,34
"D:\DataSet (From Rayeed)\User - Afroza (Female, 50) - Sign Letters\Sign 34 - Haa\Sign 34 - Sample (87).jpg",0.276999414,0.5459189415,-0.0001010175911,0.2815375924,0.4394526482,-0.1582228988,0.3552976251,0.3954043984,-0.2236877978,0.4426745176,0.4332694709,-0.2557561994,0.5221957564,0.4883675277,-0.2666578889,0.4831827283,0.3930031657,-0.1718559861,0.5813018084,0.3990396559,-0.2836513221,0.6548240185,0.4106368423,-0.3680334091,0.7230921984,0.421189636,-0.4199383259,0.4927066863,0.469783783,-0.1488683373,0.6009210348,0.4835444093,-0.2691031098,0.6823062897,0.4967073202,-0.3616098166,0.7671891451,0.5074535012,-0.429708302,0.4828685522,0.5478247404,-0.1367145926,0.5260572433,0.5945850015,-0.2911296785,0.4204312563,0.5780615211,-0.2938304543,0.3479759693,0.5578545332,-0.2626564801,0.4572795928,0.6230175495,-0.1370918155,0.4745495319,0.6547161937,-0.2708685398,0.3990318775,0.625041604,-0.2789465189,0.3392537236,0.590372622,-0.2474505305,34
"D:\DataSet (From Rayeed)\User - Afroza (Female, 50) - Sign Letters\Sign 34 - Haa\Sign 34 - Sample (88).jpg",0.2723648846,0.5397802591,-0.0001361664181,0.2779315114,0.4408529699,-0.1723248661,0.3561682105,0.3882688284,-0.2455374449,0.4413823485,0.4253739715,-0.2855733037,0.5202125907,0.4857978225,-0.2960798144,0.4926015735,0.3817149997,-0.1797494441,0.5904211402,0.3887033463,-0.2932565212,0.6588749886,0.4033685625,-0.3763615191,0.7220646143,0.4216932058,-0.4285822809,0.5038215518,0.459320724,-0.151206553,0.6107356548,0.4703720808,-0.280470252,0.68734622,0.4848251045,-0.3765608668,0.7661392093,0.5006388426,-0.4413943291,0.4915823936,0.5366660357,-0.1366469711,0.5373961926,0.5790457726,-0.2980197966,0.4326019585,0.562220633,-0.3018432856,0.3658252954,0.5415710807,-0.2691068947,0.4599164426,0.6093565226,-0.1356291175,0.4833933711,0.6443309784,-0.2774779499,0.4083190262,0.617457211,-0.2926107645,0.3515511751,0.5855613947,-0.2626918256,34
"D:\DataSet (From Rayeed)\User - Afroza (Female, 50) - Sign Letters\Sign 34 - Haa\Sign 34 - Sample (89).jpg",0.2999387383,0.5487406254,-8.25E-05,0.2976791859,0.442475915,-0.175231263,0.370916605,0.3925989866,-0.2476490885,0.4558789432,0.4266034961,-0.284624815,0.5295254588,0.4809010029,-0.3040091991,0.5024780035,0.3836069107,-0.1901614815,0.5965836048,0.3884479403,-0.3031323254,0.6679829955,0.4028469324,-0.3932265043,0.7344735861,0.4186060727,-0.4520668983,0.5184447765,0.4592321217,-0.156470269,0.6196600795,0.4715711176,-0.2782396078,0.6963036656,0.4902411997,-0.3757231236,0.7740046382,0.5044447184,-0.4446911812,0.5127797723,0.5369671583,-0.1344971061,0.556120038,0.58427459,-0.2849318087,0.4565465748,0.5717408061,-0.3013441563,0.390971154,0.5509789586,-0.2804373205,0.487947166,0.6103330851,-0.1254728287,0.5019504428,0.6446445584,-0.2654716671,0.4272248447,0.62469244,-0.2861488163,0.3742413521,0.5950635672,-0.2634029388,34
"D:\DataSet (From Rayeed)\User - Afroza (Female, 50) - Sign Letters\Sign 34 - Haa\Sign 34 - Sample (90).jpg",0.2999920845,0.5631943345,-5.11E-05,0.2998176217,0.4525901675,-0.1725527495,0.37243402,0.397867918,-0.247837007,0.4585610032,0.4310099483,-0.2887553871,0.5358562469,0.487701714,-0.3150363564,0.5080603957,0.390160799,-0.1848452687,0.6013166904,0.397562474,-0.2978585064,0.6726225019,0.4163202047,-0.3876813352,0.7406513095,0.4321980476,-0.4468207955,0.5217228532,0.467826575,-0.1558202505,0.6248829365,0.4867594838,-0.2780795395,0.6976388097,0.5057952404,-0.3809474707,0.7751104832,0.5190760493,-0.4588280618,0.5141735077,0.549382925,-0.138665691,0.5644944906,0.5950068235,-0.291544199,0.4600403905,0.5827257037,-0.3088643849,0.3948310614,0.5639389157,-0.2876966298,0.4893164635,0.6260501146,-0.1337606758,0.5056598186,0.6567294598,-0.2800008357,0.4256333113,0.6371589899,-0.30001387,0.3719739318,0.608294487,-0.2807332575,34
"D:\DataSet (From Rayeed)\User - Afroza (Female, 50) - Sign Letters\Sign 34 - Haa\Sign 34 - Sample (91).jpg",0.2541895807,0.5988152623,-0.0001340711606,0.2777125239,0.4871554673,-0.09981266409,0.3752713799,0.4113167822,-0.1674951166,0.4542993009,0.4423456192,-0.2242524475,0.5021495819,0.5236795545,-0.2543834448,0.5097452402,0.4546310306,-0.1295949072,0.6064403653,0.4293681979,-0.2440361381,0.6764369011,0.4299086034,-0.3152642846,0.7473568916,0.4378288686,-0.3595124483,0.513245821,0.5506596565,-0.1424110085,0.6206791401,0.5410557389,-0.2616056502,0.6959590912,0.5292155147,-0.3376527429,0.7758294344,0.5243055224,-0.3927285671,0.4827652276,0.6444832087,-0.1610191166,0.5277466178,0.6334473491,-0.2995738089,0.4333164394,0.5856214762,-0.2913324833,0.377900362,0.5674462914,-0.2582402527,0.4273956418,0.7275418639,-0.1889930069,0.4542147517,0.7077986002,-0.2948186398,0.3843970597,0.6558223963,-0.2868322432,0.3360373974,0.6286407709,-0.2530285716,34
"D:\DataSet (From Rayeed)\User - Afroza (Female, 50) - Sign Letters\Sign 34 - Haa\Sign 34 - Sample (92).jpg",0.2500168383,0.6035497785,-0.0001301653247,0.2760130763,0.4896855056,-0.09346158057,0.3712464571,0.415317446,-0.1584277004,0.446586132,0.4488276839,-0.2127483189,0.4851009846,0.5300647616,-0.2437683344,0.4980816543,0.4603588581,-0.1320891231,0.5893025994,0.4325243235,-0.2445293814,0.6571158171,0.4338265657,-0.3154171407,0.7279006243,0.4433923066,-0.358232528,0.5010339022,0.554934144,-0.1437870711,0.6046961546,0.5409522057,-0.2597794235,0.6779747605,0.5281180739,-0.3337269127,0.754621923,0.5229216814,-0.3862838149,0.4730690718,0.6486412287,-0.1586128622,0.5120654106,0.6324921846,-0.2874986529,0.4207018018,0.5889978409,-0.2755645216,0.3663324714,0.5751779675,-0.2415183783,0.4207645953,0.7336425781,-0.1843339056,0.4484800696,0.7104451656,-0.2770784497,0.3806117475,0.6623725295,-0.264041096,0.334456563,0.6405804157,-0.2282230705,34
"D:\DataSet (From Rayeed)\User - Afroza (Female, 50) - Sign Letters\Sign 34 - Haa\Sign 34 - Sample (93).jpg",0.2496067584,0.5954067707,-0.0001629795879,0.2802872658,0.4803653657,-0.09930019826,0.3776940107,0.4091619253,-0.1669923812,0.4540041089,0.4403324425,-0.2261348963,0.4979832768,0.517431736,-0.2587396502,0.5129153728,0.4535275698,-0.1291830838,0.6091130376,0.4268886447,-0.2409514785,0.6781281233,0.4297733009,-0.3125626743,0.7480655909,0.4417183995,-0.3562363982,0.5148022175,0.5490298271,-0.1411762685,0.6231120825,0.5383012891,-0.2590387464,0.6976342201,0.5278419852,-0.3345221281,0.7756667137,0.5262412429,-0.3885735869,0.4828375578,0.6423434615,-0.1592920423,0.5260842443,0.6308974028,-0.2959997952,0.4340655506,0.5794436336,-0.2882607877,0.3810363412,0.5590466261,-0.2540526688,0.4257971942,0.7236710191,-0.1871066988,0.4517956972,0.7042603493,-0.2895608544,0.3832628131,0.650272727,-0.2828708887,0.3348746896,0.6213331819,-0.2485838234,34
"D:\DataSet (From Rayeed)\User - Afroza (Female, 50) - Sign Letters\Sign 34 - Haa\Sign 34 - Sample (94).jpg",0.2390886545,0.59920156,-0.0001672373619,0.2727727294,0.4852923453,-0.08726760745,0.3706739545,0.4150426388,-0.1498513669,0.4457764328,0.449385047,-0.2080003917,0.4822030663,0.5281101465,-0.244029671,0.4982935786,0.465266645,-0.1078735515,0.5899504423,0.4424643219,-0.2084393948,0.6540497541,0.4455117583,-0.2721923292,0.7194018364,0.456898123,-0.310765177,0.4997339249,0.5551913381,-0.1225642487,0.6037593484,0.5487610102,-0.2288088799,0.6735423803,0.5412130356,-0.3012290597,0.7443708777,0.5388211012,-0.3512273729,0.4684456289,0.6424923539,-0.1428387761,0.5134521127,0.6324160695,-0.2687250674,0.4256293774,0.5838967562,-0.2666407228,0.3737248182,0.5642279387,-0.2376129627,0.413615495,0.7185875773,-0.1711784303,0.4392094016,0.6984705329,-0.2705385983,0.3737023473,0.6473754644,-0.2693839669,0.3301555514,0.6202011704,-0.2416351587,34
"D:\DataSet (From Rayeed)\User - Afroza (Female, 50) - Sign Letters\Sign 34 - Haa\Sign 34 - Sample (95).jpg",0.2317419946,0.5718626976,-0.0001618058159,0.2630121112,0.4607565999,-0.09364366531,0.3537894785,0.3934983611,-0.1584731042,0.4261088371,0.4248096943,-0.2156826407,0.4664568007,0.4969536364,-0.2499939948,0.4807509184,0.4381249547,-0.1202544495,0.5702537298,0.4147376418,-0.2187989652,0.6329447031,0.4175173044,-0.2814519405,0.6963109374,0.4286819696,-0.3188912868,0.4826100767,0.5265603662,-0.1285213083,0.584246397,0.5202804208,-0.2326407135,0.6515054107,0.5121314526,-0.3034341037,0.7203327417,0.5096487403,-0.3533034921,0.4532434642,0.6127384305,-0.1420387924,0.4974718094,0.604192555,-0.2627042532,0.410421133,0.5578044653,-0.2608660758,0.3584394157,0.5389853716,-0.2326568067,0.4012574553,0.6884498,-0.1647809595,0.4268957973,0.6722863913,-0.2586038709,0.3625345528,0.6242147684,-0.2577768862,0.3189390898,0.5984358788,-0.231339559,34
"D:\DataSet (From Rayeed)\User - Afroza (Female, 50) - Sign Letters\Sign 34 - Haa\Sign 34 - Sample (96).jpg",0.2445292175,0.5967419147,-0.000151295535,0.2697704434,0.4862215817,-0.08308817446,0.3624674678,0.4171401262,-0.139062956,0.4380267859,0.4458410144,-0.189711988,0.4801622033,0.513692975,-0.2150138468,0.4858010411,0.4631401002,-0.09773272276,0.578922689,0.4316129684,-0.1869744956,0.6409267783,0.4295932949,-0.2389629334,0.7028267384,0.4358571172,-0.27103737,0.4874406755,0.5478031039,-0.1122201607,0.5950013995,0.5293658376,-0.2103192657,0.6604582071,0.5184352994,-0.2757705152,0.7275769711,0.5141956806,-0.321644783,0.4591114223,0.6306334138,-0.1335219145,0.5069025159,0.6180562973,-0.2540762126,0.4196624756,0.5772005916,-0.2481074184,0.3678147495,0.5604346395,-0.2184063941,0.4097262025,0.7043363452,-0.1618230045,0.439928025,0.6880084276,-0.253500402,0.3751084208,0.641720891,-0.2512494326,0.3301850557,0.6152194142,-0.22380732,34
"D:\DataSet (From Rayeed)\User - Afroza (Female, 50) - Sign Letters\Sign 34 - Haa\Sign 34 - Sample (97).jpg",0.2378740907,0.6000226736,-0.0001791441755,0.2650258243,0.48801139,-0.08536686003,0.3575837016,0.4173258245,-0.1420697868,0.4323354661,0.4440027773,-0.1927541941,0.4740166962,0.5131266117,-0.2166036814,0.4821099639,0.4591358304,-0.107120879,0.5737288594,0.4287476242,-0.200712651,0.6355105042,0.42617172,-0.256398946,0.6971560717,0.4321428537,-0.2894746065,0.4842632115,0.5468891859,-0.1193879321,0.5901178718,0.5292855501,-0.2242311537,0.6550767422,0.5158035159,-0.2917382121,0.7228238583,0.510225296,-0.339242816,0.4564571977,0.6338730454,-0.1380894333,0.4985528886,0.6194028258,-0.2581346035,0.411270678,0.5767525434,-0.245885402,0.3632873297,0.5612360835,-0.2123950571,0.4063747525,0.7104514837,-0.16509749,0.4326780438,0.6896064281,-0.2543813884,0.3675251305,0.6439263821,-0.2492079735,0.3244772255,0.6214056015,-0.2194387764,34
"D:\DataSet (From Rayeed)\User - Afroza (Female, 50) - Sign Letters\Sign 34 - Haa\Sign 34 - Sample (98).jpg",0.2384382635,0.5935581326,-0.0001206258821,0.2641153634,0.4821048975,-0.08667818457,0.3559029102,0.4087790251,-0.1470077634,0.4307929873,0.435916096,-0.2026254535,0.4719117582,0.5095770955,-0.2318989038,0.48103863,0.455114007,-0.1095688716,0.5718215704,0.4254952371,-0.2100028545,0.6336550713,0.4245278835,-0.2715083957,0.6967357993,0.430539608,-0.3099579513,0.4849807024,0.541205585,-0.1236376837,0.5861698985,0.5226447582,-0.2312024832,0.6504718661,0.5092971921,-0.305577457,0.7190369964,0.5015577078,-0.359582454,0.4576013386,0.6265420318,-0.1444677263,0.500010848,0.6133887172,-0.2713046968,0.4128999114,0.5715471506,-0.2666555047,0.3633874357,0.5539937615,-0.2387881279,0.4074000716,0.702827692,-0.171462819,0.4321852922,0.6822808981,-0.2674414217,0.3664540052,0.6348573565,-0.265191853,0.3229379058,0.6092635393,-0.2392835766,34
"D:\DataSet (From Rayeed)\User - Afroza (Female, 50) - Sign Letters\Sign 34 - Haa\Sign 34 - Sample (99).jpg",0.2448383123,0.6020545959,-0.0001219841288,0.2687239945,0.4898775518,-0.0827839151,0.3584396243,0.4184161425,-0.1383188814,0.4331474602,0.448800087,-0.1880844086,0.4765202999,0.517634809,-0.209981367,0.4839515388,0.4620380402,-0.1002199352,0.5759887695,0.4324752092,-0.1956896335,0.6377435923,0.4308559,-0.2533248663,0.7000799775,0.4364792109,-0.2894727588,0.4875436425,0.5462374091,-0.1142848879,0.5913147926,0.526968956,-0.2159842253,0.6541980505,0.5138683915,-0.2859769762,0.720076561,0.506296277,-0.3364096284,0.4610924125,0.6304620504,-0.1350548267,0.5023878813,0.6157792211,-0.2573179007,0.4156904221,0.577468574,-0.2500652075,0.3660915494,0.5620970726,-0.2203587741,0.4132340252,0.706394732,-0.1631127149,0.4389207959,0.6855306029,-0.2556318939,0.3733010292,0.641499579,-0.2531366348,0.3293384612,0.6184851527,-0.2267526537,34
"D:\DataSet (From Rayeed)\User - Afroza (Female, 50) - Sign Letters\Sign 34 - Haa\Sign 34 - Sample (100).jpg",0.251385957,0.6236901283,-0.0001299508149,0.2775427401,0.5160562992,-0.08582387865,0.3655245006,0.44289276,-0.1442660838,0.4377728105,0.4692335725,-0.1969270706,0.4771638215,0.5434877276,-0.2258885652,0.488148123,0.48721385,-0.1050872132,0.5762986541,0.4576407373,-0.2010852545,0.6370210648,0.4557422101,-0.2602589428,0.6997720003,0.4621986449,-0.2970961332,0.4922959208,0.5724663734,-0.117669791,0.5921112299,0.554808557,-0.2206126302,0.6559182405,0.5406795144,-0.2904870212,0.7226207256,0.5329208374,-0.340542376,0.4669484794,0.6587346196,-0.135873735,0.5077834129,0.6428146958,-0.2588688135,0.4201814532,0.6026147008,-0.2533327639,0.367569685,0.5878307819,-0.2235365063,0.4189857543,0.736907661,-0.1614756435,0.4443096817,0.7136352658,-0.2543677092,0.3793051541,0.6673603654,-0.2487373054,0.3354993761,0.643381834,-0.2187239379,34